product_id,store_id,store_name,product_name,sku,product_url,store_category,primary_role,secondary_roles,part_type,assembly_level,function_summary,classification_reason,classification_confidence,assembly_notes,price,currency,price_captured_at,spec_snapshot,evidence_status,evidence_urls,evidence_note,researched_at,image_url,image_source_url,image_captured_at,cad_status,cad_formats,cad_source_urls,cad_local_paths,cad_notes,browser_model_path,browser_thumbnail_path,review_flags
pololu-3036,pololu,Pololu Robotics & Electronics,5:1 Micro Metal Gearmotor HPCB 12V,3036,https://www.pololu.com/product/3036,motors,actuators,,dc_gearmotor,component,Miniature brushed DC motor with a 5:1 metal gearbox and 3 mm D-shaped output shaft.,Motor or actuator component; requires structural links and mounts to become an arm or leg.,medium,"Requires motor driver, power, mounting and drivetrain chosen for the load; this SKU has no encoder.",26.45,USD,2026-09-29,"Micro metal gearmotor, 12 V HPCB, ~5:1, 6800 RPM no-load, 0.75 A stall, 3 mm D-shaft",live_verified,https://www.pololu.com/product/3036,"Vendor specifies a 12 V HPCB motor, approximately 5:1 gearing, 6800 RPM no-load and no encoder.",2026-09-29,https://a.pololu-files.com/picture/0J6410.1200x627.jpg?7b215efad0f55f0963d9f951be03d3d1,https://www.pololu.com/product/3036,2026-09-29,downloaded_3d,step|txt,https://www.pololu.com/file/0J2042/Pololu%20Micro%20Metal%20Gearmotor%203D%20(STEP)%20Models.zip,docs/robot-parts-stores/cad/originals/pololu-3036/No Encoder/mmgm-cb.step|docs/robot-parts-stores/cad/originals/pololu-3036/README.txt,Selected No Encoder/mmgm-cb.step from the manufacturer archive. Its README identifies cb as HPCB carbon brushes; this is the standard gearbox body used for ratios other than 1000:1. No encoder or extended rear shaft. Original member bytes retained and CRC32 verified.,docs/robot-builder/public/models/pololu-3036.glb,docs/robot-builder/public/thumbnails/pololu-3036.png,role_medium_confidence
pololu-2818,pololu,Pololu Robotics & Electronics,FEETECH FS90 Micro Servo,2818,https://www.pololu.com/product/2818,servos,actuators,,positional_servo,component,FEETECH FS90 analog micro servo offering limited-range position control.,Motor or actuator component; requires structural links and mounts to become an arm or leg.,medium,"Includes horns and hardware; supply controller, power and links. FS90 is distinct from the continuous-rotation FS90R.",8.40,USD,2026-09-29,"Analog micro servo; at 6 V: 0.10 s/60°, 1.5 kg·cm, 9.0 g; 3.3 V or 5 V signal",live_verified,https://www.pololu.com/product/2818,Vendor describes limited-range closed-loop positioning and explicitly distinguishes FS90 from FS90R.,2026-09-29,https://a.pololu-files.com/picture/0J7332.1200x627.jpg?18ddb319403c33927cf76ac0450a39d4,https://www.pololu.com/product/2818,2026-09-29,not_found_in_checked_sources,,,,,,,role_medium_confidence
pololu-2130,pololu,Pololu Robotics & Electronics,DRV8833 Dual Motor Driver Carrier,2130,https://www.pololu.com/product/2130,motor-drivers,support,,motor_driver,module,DRV8833 dual H-bridge carrier for low-voltage brushed DC motors or a bipolar stepper.,Motor power electronics support other components; no physical limb or drive assembly is supplied.,high,"Add controller, motors, power and wiring; optional current sensing needs extra resistors.",10.95,USD,2026-09-29,"DRV8833 dual H-bridge, 2.7–10.8 V, 1.2 A/channel continuous (2 A peak)",live_verified,https://www.pololu.com/product/2130,Vendor identifies two H-bridges and describes use with two DC motors or one bipolar stepper.,2026-09-29,https://a.pololu-files.com/picture/0J3864.1200x627.jpg?bce5d1eb1a5072fe42924e18d6fb51f7,https://www.pololu.com/product/2130,2026-09-29,downloaded_3d,dxf|step,https://www.pololu.com/file/0J1616/drv8833-dual-motor-driver-carrier-step.step|https://www.pololu.com/file/0J990/md17a-drill.dxf,docs/robot-parts-stores/cad/originals/pololu-2130/drv8833-dual-motor-driver-carrier-step.step|docs/robot-parts-stores/cad/originals/pololu-2130/md17a-drill.dxf,,,,
pololu-2133,pololu,Pololu Robotics & Electronics,"DRV8825 Stepper Motor Driver Carrier, High Current",2133,https://www.pololu.com/product/2133,motor-drivers,support,,motor_driver,module,DRV8825 carrier supplying current-controlled microstepping for a bipolar stepper motor.,"Electrical stepper control is internal support, distinct from a motor or limb.",high,"Header pins included unsoldered; add motor, controller and motor supply, and configure current limit.",15.95,USD,2026-09-29,"DRV8825 bipolar stepper driver, 8.2–45 V, ~1.5 A/phase (2.2 A with cooling), to 1/32 step",live_verified,https://www.pololu.com/product/2133,Vendor identifies microstepping driver board and confirms included unsoldered headers.,2026-09-29,https://a.pololu-files.com/picture/0J4226.1200x627.jpg?a92e8e8b3227558d31d2fa4af96c7d83,https://www.pololu.com/product/2133,2026-09-29,downloaded_3d,dxf|step,https://www.pololu.com/file/0J1226/drv8825-stepper-motor-driver-carrier-high-current.step|https://www.pololu.com/file/0J898/md20b-drill.dxf,docs/robot-parts-stores/cad/originals/pololu-2133/drv8825-stepper-motor-driver-carrier-high-current.step|docs/robot-parts-stores/cad/originals/pololu-2133/md20b-drill.dxf,,,,
pololu-3101,pololu,Pololu Robotics & Electronics,A-Star 32U4 Micro,3101,https://www.pololu.com/product/3101,microcontrollers-sbc,support,,microcontroller,module,Compact ATmega32U4 programmable board with USB and general-purpose I/O.,Provides internal control processing rather than anatomical structure.,high,"Requires application program, external parts and power; USB A-to-Micro-B cable is not included.",19.95,USD,2026-09-29,"ATmega32U4, 18 I/O (6 PWM, 8 analog), Micro-USB, 1″ × 0.6″, Arduino bootloader",live_verified,https://www.pololu.com/product/3101,Vendor identifies ATmega32U4 module with Arduino-compatible bootloader and separately required USB cable.,2026-09-29,https://a.pololu-files.com/picture/0J5274.1200x627.jpg?0f813f12c1654c9a2aaafec3b28b4ebe,https://www.pololu.com/product/3101,2026-09-29,downloaded_3d,dxf|step,https://www.pololu.com/file/0J1336/a-star-32u4-micro.step|https://www.pololu.com/file/0J920/ac01a01-drill.dxf,docs/robot-parts-stores/cad/originals/pololu-3101/a-star-32u4-micro.step|docs/robot-parts-stores/cad/originals/pololu-3101/ac01a01-drill.dxf,,,,
pololu-3544,pololu,Pololu Robotics & Electronics,Romi 32U4 Control Board,3544,https://www.pololu.com/product/3544,microcontrollers-sbc,support,,robot_controller,module,"ATmega32U4 Romi control board integrating motor drivers, power circuitry and inertial sensors.",Control electronics for a separately supplied mobile base; not itself the base or torso.,high,"Romi chassis, batteries and optional Raspberry Pi/LCD are separate; encoder kit is available separately.",74.95,USD,2026-09-29,"ATmega32U4 robot controller with dual motor drivers, inertial sensors, encoder inputs, Pi interface",live_verified,https://www.pololu.com/product/3544,Vendor describes board assembly with Romi chassis and optional external Raspberry Pi/encoders.,2026-09-29,https://a.pololu-files.com/picture/0J7510.1200x627.jpg?a8490645e462f32d88d3932fb0ac743b,https://www.pololu.com/product/3544,2026-09-29,downloaded_3d,dxf|step,https://www.pololu.com/file/0J1262/romi-32u4-control-board.step|https://www.pololu.com/file/0J1260/rom04a-drill.dxf,docs/robot-parts-stores/cad/originals/pololu-3544/romi-32u4-control-board.step|docs/robot-parts-stores/cad/originals/pololu-3544/rom04a-drill.dxf,,,,
pololu-3415,pololu,Pololu Robotics & Electronics,"VL53L1X Time-of-Flight Distance Sensor Carrier with Voltage Regulator, 400cm Max",3415,https://www.pololu.com/product/3415,sensors,sensors,,distance_sensor,module,VL53L1X optical ranging carrier with regulation and I2C level shifting.,Perception or orientation component; not a physical head assembly.,high,"Add controller, power, wiring and mounting; maximum range depends on target and environment.",22.95,USD,2026-09-29,"VL53L1X laser ToF ranging up to 4 m, carrier with voltage regulator",live_verified,https://www.pololu.com/product/3415,"Vendor identifies a laser-ranging breakout, digital I2C readings and up-to-four-metre range.",2026-09-29,https://a.pololu-files.com/picture/0J8677.1200x627.jpg?2ae2631a3cf1133a512eadb1d5501cea,https://www.pololu.com/product/3415,2026-09-29,downloaded_3d,dxf|step,https://www.pololu.com/file/0J1195/vl53l0x-vl53l1x-vl53l3cx-vl53l4cd-carrier-model.step|https://www.pololu.com/file/0J1193/irs11a-drill.dxf,docs/robot-parts-stores/cad/originals/pololu-3415/vl53l0x-vl53l1x-vl53l3cx-vl53l4cd-carrier-model.step|docs/robot-parts-stores/cad/originals/pololu-3415/irs11a-drill.dxf,Manufacturer shares this model across VL53L0X/VL53L1X/VL53L3CX/VL53L4CD carriers.,docs/robot-builder/public/models/pololu-3415.glb,docs/robot-builder/public/thumbnails/pololu-3415.png,
pololu-4148,pololu,Pololu Robotics & Electronics,"QTR-MD-08RC Reflectance Sensor Array: 8-Channel, 8mm Pitch, RC Output",4148,https://www.pololu.com/product/4148,sensors,sensors,,reflectance_sensor,module,Eight-channel infrared reflectance array for detecting nearby surface contrast and lines.,Perception or orientation component; not a physical head assembly.,high,"Needs host timing inputs, power and a close-to-surface mount; no chassis or drive parts included.",9.90,USD,2026-09-29,"8-channel IR reflectance (line) sensor array, 8 mm pitch, RC output, 2.9–5.5 V",live_verified,https://www.pololu.com/product/4148,Vendor specifies IR LED/phototransistor pairs for line detection with optimal sensing distance of 5 mm.,2026-09-29,https://a.pololu-files.com/picture/0J9140.1200x627.jpg?5268fddaa79590fe5ed774f530ec69de,https://www.pololu.com/product/4148,2026-09-29,downloaded_3d,dxf|step|zip,https://www.pololu.com/file/0J1551/qtr-qtrx-drill-drawings.zip|https://www.pololu.com/file/0J1553/qtr-qtrx-models.zip,docs/robot-parts-stores/cad/originals/pololu-4148/qtr-qtrx-drill-drawings.zip|docs/robot-parts-stores/cad/extracted/pololu-4148/qtr-qtrx-drill-drawings/irs22a-drill.dxf|docs/robot-parts-stores/cad/extracted/pololu-4148/qtr-qtrx-drill-drawings/irs22j-drill.dxf|docs/robot-parts-stores/cad/extracted/pololu-4148/qtr-qtrx-drill-drawings/irs27a-drill.dxf|docs/robot-parts-stores/cad/extracted/pololu-4148/qtr-qtrx-drill-drawings/irs27j-drill.dxf|docs/robot-parts-stores/cad/extracted/pololu-4148/qtr-qtrx-drill-drawings/irs24a-drill.dxf|docs/robot-parts-stores/cad/extracted/pololu-4148/qtr-qtrx-drill-drawings/irs24j-drill.dxf|docs/robot-parts-stores/cad/extracted/pololu-4148/qtr-qtrx-drill-drawings/irs35j-drill.dxf|docs/robot-parts-stores/cad/extracted/pololu-4148/qtr-qtrx-drill-drawings/irs35a-drill.dxf|docs/robot-parts-stores/cad/extracted/pololu-4148/qtr-qtrx-drill-drawings/irs23a-drill.dxf|docs/robot-parts-stores/cad/extracted/pololu-4148/qtr-qtrx-drill-drawings/irs23j-drill.dxf|docs/robot-parts-stores/cad/extracted/pololu-4148/qtr-qtrx-drill-drawings/irs25a-drill.dxf|docs/robot-parts-stores/cad/extracted/pololu-4148/qtr-qtrx-drill-drawings/irs25j-drill.dxf|docs/robot-parts-stores/cad/extracted/pololu-4148/qtr-qtrx-drill-drawings/irs29a-drill.dxf|docs/robot-parts-stores/cad/extracted/pololu-4148/qtr-qtrx-drill-drawings/irs29j-drill.dxf|docs/robot-parts-stores/cad/extracted/pololu-4148/qtr-qtrx-drill-drawings/irs21a-drill.dxf|docs/robot-parts-stores/cad/extracted/pololu-4148/qtr-qtrx-drill-drawings/irs21b-drill.dxf|docs/robot-parts-stores/cad/extracted/pololu-4148/qtr-qtrx-drill-drawings/irs21j-drill.dxf|docs/robot-parts-stores/cad/extracted/pololu-4148/qtr-qtrx-drill-drawings/irs21k-drill.dxf|docs/robot-parts-stores/cad/extracted/pololu-4148/qtr-qtrx-drill-drawings/irs51a-drill.dxf|docs/robot-parts-stores/cad/extracted/pololu-4148/qtr-qtrx-drill-drawings/irs51j-drill.dxf|docs/robot-parts-stores/cad/extracted/pololu-4148/qtr-qtrx-drill-drawings/irs26a-drill.dxf|docs/robot-parts-stores/cad/extracted/pololu-4148/qtr-qtrx-drill-drawings/irs26j-drill.dxf|docs/robot-parts-stores/cad/extracted/pololu-4148/qtr-qtrx-drill-drawings/irs31a-drill.dxf|docs/robot-parts-stores/cad/extracted/pololu-4148/qtr-qtrx-drill-drawings/irs31j-drill.dxf|docs/robot-parts-stores/cad/extracted/pololu-4148/qtr-qtrx-drill-drawings/irs51d-drill.dxf|docs/robot-parts-stores/cad/extracted/pololu-4148/qtr-qtrx-drill-drawings/irs51m-drill.dxf|docs/robot-parts-stores/cad/extracted/pololu-4148/qtr-qtrx-drill-drawings/irs33a-drill.dxf|docs/robot-parts-stores/cad/extracted/pololu-4148/qtr-qtrx-drill-drawings/irs33j-drill.dxf|docs/robot-parts-stores/cad/extracted/pololu-4148/qtr-qtrx-drill-drawings/irs45a-drill.dxf|docs/robot-parts-stores/cad/extracted/pololu-4148/qtr-qtrx-drill-drawings/irs45d-drill.dxf|docs/robot-parts-stores/cad/extracted/pololu-4148/qtr-qtrx-drill-drawings/irs45j-drill.dxf|docs/robot-parts-stores/cad/extracted/pololu-4148/qtr-qtrx-drill-drawings/irs45m-drill.dxf|docs/robot-parts-stores/cad/extracted/pololu-4148/qtr-qtrx-drill-drawings/irs21c-drill.dxf|docs/robot-parts-stores/cad/extracted/pololu-4148/qtr-qtrx-drill-drawings/irs21m-drill.dxf|docs/robot-parts-stores/cad/originals/pololu-4148/qtr-md-08x.step,"Selected qtr-md-08x.step from the manufacturer archive linked by this product; QTR medium-density, eight-channel shared geometry. Original member bytes retained and CRC32 verified. The x filename does not distinguish analog from RC output.",,,
pololu-3500,pololu,Pololu Robotics & Electronics,Romi Chassis Kit - Black,3500,https://www.pololu.com/product/3500,chassis-kits,legs,torso,mobile_base,kit,"Differential-drive chassis kit with two gearmotors, two wheels, one ball caster and battery contacts.",Locomotion assembly belongs to legs; its load-carrying chassis offers a secondary torso use for lenient visual combinations.,high,"Assembly, six AA batteries and motor-control electronics required. Optional second front caster and robot arm are not included.",39.95,USD,2026-09-29,"Romi chassis kit: 2 motors, 2 wheels, ball caster, battery contacts",live_verified,https://www.pololu.com/product/3500,Vendor lists mechanical kit contents and separately required batteries/electronics; only one caster is included.,2026-09-29,https://a.pololu-files.com/picture/0J7260.1200x627.jpg?7a7be3ece5b2d0ae05a7c78b6c0770d6,https://www.pololu.com/product/3500,2026-09-29,downloaded_3d,dxf|step,https://www.pololu.com/file/0J1199/romi-chassis.dxf|https://www.pololu.com/file/0J1298/romi-chassis-kit.step,docs/robot-parts-stores/cad/originals/pololu-3500/romi-chassis.dxf|docs/robot-parts-stores/cad/originals/pololu-3500/romi-chassis-kit.step,Manufacturer says the assembly model includes an extra front ball caster sold separately from the kit.,docs/robot-builder/public/models/pololu-3500.glb,docs/robot-builder/public/thumbnails/pololu-3500.png,
pololu-3690,pololu,Pololu Robotics & Electronics,"Pololu Multi-Hub Wheel w/Inserts for 3mm and 4mm Shafts - 80×10mm, Black, 2-Pack",3690,https://www.pololu.com/product/3690,wheels-mechanical,wheels,,wheel,kit,Pair of 80 mm silicone-tired wheels with interchangeable shaft-gripping collets.,Individual locomotion component; not a complete leg or driving base.,high,Two wheel assemblies per catalog unit with inserts and fasteners; assemble collets for the chosen shaft.,11.95,USD,2026-09-29,"80 × 10 mm wheels, silicone tires, collets for 3/4 mm D and round shafts, 2-pack",live_verified,https://www.pololu.com/product/3690,"Vendor lists a pair of wheels and inserts for 3/4 mm round or D-shaped shafts, with hardware.",2026-09-29,https://a.pololu-files.com/picture/0J8851.1200x627.jpg?6da0cb7285eb89474297a2e64cc8a102,https://www.pololu.com/product/3690,2026-09-29,not_found_in_checked_sources,,,,,,,
pololu-954,pololu,Pololu Robotics & Electronics,Pololu Ball Caster with 3/4″ Plastic Ball,954,https://www.pololu.com/product/954,wheels-mechanical,wheels,,caster,kit,Passive ball-caster kit providing a rolling support point for a small robot.,Individual locomotion component; not a complete leg or driving base.,high,"Includes housing, ball, rollers, spacers and mounting hardware; attach to a chassis with separate powered wheels.",5.49,USD,2026-09-29,"Ball caster with 3/4″ plastic ball, 0.9″–1.2″ height via spacers",live_verified,https://www.pololu.com/product/954,"Vendor kit description lists ball, housing, spacers and hardware and identifies small-robot use.",2026-09-29,https://a.pololu-files.com/picture/0J9806.1200x627.jpg?c622b71808584ef310bec12450f2f8b3,https://www.pololu.com/product/954,2026-09-29,downloaded_3d,step,https://www.pololu.com/file/0J1643/pololu-ball-caster-with-0-750in-plastic-ball.step,docs/robot-parts-stores/cad/originals/pololu-954/pololu-ball-caster-with-0-750in-plastic-ball.step,,,,
pololu-2831,pololu,Pololu Robotics & Electronics,"Pololu 5V, 1A Step-Down Voltage Regulator D24V10F5",2831,https://www.pololu.com/product/2831,power-batteries,support,,voltage_regulator,module,Buck-regulator board converting a higher supply voltage to regulated 5 V.,"Internal power-conditioning electronics; not a battery, limb or structural part.",high,Requires input power and wiring; available output current depends on voltage and heat dissipation.,12.95,USD,2026-09-29,"Step-down regulator, 5 V out, 1 A, 5.1–36 V in",live_verified,https://www.pololu.com/product/2831,"Vendor identifies D24V10F5 as a 5 V step-down regulator, with typical maximum output of 1 A.",2026-09-29,https://a.pololu-files.com/picture/0J6002.1200x627.jpg?f14365599f7afb5d22a84d245c638ad3,https://www.pololu.com/product/2831,2026-09-29,downloaded_3d,dxf|step,https://www.pololu.com/file/0J1375/pololu-1a-step-down-voltage-regulator-d24v10fx.step|https://www.pololu.com/file/0J1027/reg17a01-drill.dxf,docs/robot-parts-stores/cad/originals/pololu-2831/pololu-1a-step-down-voltage-regulator-d24v10fx.step|docs/robot-parts-stores/cad/originals/pololu-2831/reg17a01-drill.dxf,Manufacturer model covers D24V10Fx family; verify selected output variant.,,,
