store_id,store_name,item_id,name,category,price,currency,sku,spec,url,captured_at
adafruit,Adafruit Industries,adafruit-3777,"DC Gearbox Motor - ""TT Motor"" - 200RPM - 3 to 6VDC",motors,2.95,USD,3777,"3–6 V TT gearmotor, 1:48 gearbox, 200 RPM at 6 V, 0.8 kg·cm stall at 6 V",https://www.adafruit.com/product/3777,2026-09-29
adafruit,Adafruit Industries,adafruit-169,Micro servo [TowerPro SG92R],servos,5.95,USD,169,"4.8 V nominal (3–6 V), 2.5 kg·cm, 0.1 s/60°, 9 g",https://www.adafruit.com/product/169,2026-09-29
adafruit,Adafruit Industries,adafruit-2927,DC Motor + Stepper FeatherWing Add-on For All Feather Boards,motor-drivers,19.95,USD,2927,"4 DC or 2 stepper motors, 1.2 A per bridge, motor supply 4.5–13.5 V, 12-bit speed control",https://www.adafruit.com/product/2927,2026-09-29
adafruit,Adafruit Industries,adafruit-1438,Adafruit Motor/Stepper/Servo Shield for Arduino v3 Kit,motor-drivers,19.95,USD,1438,"Arduino shield: 4 DC or 2 stepper motors, 1.2 A/channel (3 A peak ~20 ms), I2C 0x60–0x80",https://www.adafruit.com/product/1438,2026-09-29
adafruit,Adafruit Industries,adafruit-4864,Raspberry Pi Pico RP2040,microcontrollers-sbc,4.00,USD,4864,"RP2040 dual Arm Cortex-M0+ @ 133 MHz, 264 kB SRAM, 51.3 × 21 mm",https://www.adafruit.com/product/4864,2026-09-29
adafruit,Adafruit Industries,adafruit-5129,Maker Pi RP2040 - Motor and Robot Controller,microcontrollers-sbc,14.95,USD,5129,"RP2040 robot controller: dual-channel DC motor driver, 4 servo ports, 7 Grove connectors",https://www.adafruit.com/product/5129,2026-09-29
adafruit,Adafruit Industries,adafruit-3317,Adafruit VL53L0X Time of Flight Distance Sensor - ~30 to 1000mm,sensors,14.95,USD,3317,"VL53L0X laser time-of-flight, ~30–1000 mm range, STEMMA QT breakout",https://www.adafruit.com/product/3317,2026-09-29
adafruit,Adafruit Industries,adafruit-4007,Ultrasonic Distance Sensor - 3V or 5V - HC-SR04 compatible,sensors,3.95,USD,4007,"HC-SR04-compatible ultrasonic, 3–5.5 V, 2–450 cm, 40 kHz",https://www.adafruit.com/product/4007,2026-09-29
adafruit,Adafruit Industries,adafruit-4754,Adafruit 9-DOF Orientation IMU Fusion Breakout - BNO085 (BNO080),sensors,29.50,USD,4754,"BNO085 9-DoF IMU with on-chip sensor fusion, STEMMA QT / Qwiic",https://www.adafruit.com/product/4754,2026-09-29
adafruit,Adafruit Industries,adafruit-2939,Mini Robot Rover Chassis Kit - 2WD with DC Motors,chassis-kits,24.95,USD,2939,"2WD metal rover chassis with DC motors, 156 × 103 × 73.5 mm assembled",https://www.adafruit.com/product/2939,2026-09-29
adafruit,Adafruit Industries,adafruit-3766,Orange and Clear TT Motor Wheel for TT DC Gearbox Motor,wheels-mechanical,1.50,USD,3766,"Wheel for TT gearbox motors, 63 × 29 mm, 38 g",https://www.adafruit.com/product/3766,2026-09-29
adafruit,Adafruit Industries,adafruit-328,Lithium Ion Polymer Battery - 3.7v 2500mAh,power-batteries,14.95,USD,328,"LiPo 3.7 V nominal, 2500 mAh (~10 Wh), 50 × 60 × 7.3 mm, 50 g",https://www.adafruit.com/product/328,2026-09-29
sparkfun,SparkFun Electronics,sparkfun-rob-13302,Hobby Gearmotor - 140 RPM (Pair),motors,7.50,USD,ROB-13302,"Pair of DAGU hobby gearmotors, 4.5 V, 48:1, 140 RPM unloaded, 190 mA no-load",https://www.sparkfun.com/hobby-gearmotor-140-rpm-pair.html,2026-09-29
sparkfun,SparkFun Electronics,sparkfun-rob-09238,"Stepper Motor - 32 oz.in (200 steps/rev, 1200mm Wire)",motors,26.95,USD,ROB-09238,"NEMA 17 bipolar stepper, 200 steps/rev, 32 oz·in holding, 0.33 A, 5 mm shaft",https://www.sparkfun.com/stepper-motor-32-oz-in-200-steps-rev-1200mm-wire.html,2026-09-29
sparkfun,SparkFun Electronics,sparkfun-rob-09065,Servo - Generic (Sub-Micro Size),servos,12.95,USD,ROB-09065,"Sub-micro servo, 4.8–6 V, 20.8 oz·in and 0.10 s/60° at 6 V, ~160° travel",https://www.sparkfun.com/servo-generic-sub-micro-size.html,2026-09-29
sparkfun,SparkFun Electronics,sparkfun-rob-14450,SparkFun Motor Driver - Dual TB6612FNG (with Headers),motor-drivers,14.50,USD,ROB-14450,"TB6612FNG dual DC motor driver, up to 1.2 A per motor, headers pre-soldered",https://www.sparkfun.com/sparkfun-motor-driver-dual-tb6612fng-with-headers.html,2026-09-29
sparkfun,SparkFun Electronics,sparkfun-rob-15451,SparkFun Qwiic Motor Driver,motor-drivers,23.78,USD,ROB-15451,"2-channel I2C/Qwiic motor driver, 1.2 A per channel (1.5 A peak), 127 drive levels",https://www.sparkfun.com/sparkfun-qwiic-motor-driver.html,2026-09-29
sparkfun,SparkFun Electronics,sparkfun-dev-15123,SparkFun RedBoard Qwiic,microcontrollers-sbc,21.95,USD,DEV-15123,"ATmega328 Uno-compatible board, 7–15 V in, 20 I/O (6 PWM, 6 analog), Qwiic connector",https://www.sparkfun.com/sparkfun-redboard-qwiic.html,2026-09-29
sparkfun,SparkFun Electronics,sparkfun-sen-15335,SparkFun 9DoF IMU Breakout - ICM-20948 (Qwiic),sensors,21.95,USD,SEN-15335,"ICM-20948 9-axis IMU with Digital Motion Processor, Qwiic/I2C",https://www.sparkfun.com/sparkfun-9dof-imu-breakout-icm-20948-qwiic.html,2026-09-29
sparkfun,SparkFun Electronics,sparkfun-sen-14722,"SparkFun Distance Sensor Breakout - 4 Meter, VL53L1X (Qwiic)",sensors,29.95,USD,SEN-14722,"VL53L1X laser ToF distance sensor, up to 4 m, mm precision, I2C/Qwiic",https://www.sparkfun.com/sparkfun-distance-sensor-breakout-4-meter-vl53l1x-qwiic.html,2026-09-29
sparkfun,SparkFun Electronics,sparkfun-sen-15569,Ultrasonic Distance Sensor - 5V (HC-SR04),sensors,5.25,USD,SEN-15569,"HC-SR04 ultrasonic, 5 V, 2 cm–4 m, accuracy up to 3 mm",https://www.sparkfun.com/ultrasonic-distance-sensor-hc-sr04.html,2026-09-29
sparkfun,SparkFun Electronics,sparkfun-rob-13301,Shadow Chassis,chassis-kits,14.95,USD,ROB-13301,"Modular ABS robot chassis (RobotZone), Actobotics hub patterns, snap-on controller mounts",https://www.sparkfun.com/shadow-chassis.html,2026-09-29
sparkfun,SparkFun Electronics,sparkfun-rob-13259,"Wheel - 65mm (Rubber Tire, Pair)",wheels-mechanical,4.50,USD,ROB-13259,"65 mm wheels with rubber tires, pair; fit DAGU right-angle gearmotors",https://www.sparkfun.com/wheel-65mm-rubber-tire-pair.html,2026-09-29
sparkfun,SparkFun Electronics,sparkfun-prt-13855,Lithium Ion Battery - 2Ah,power-batteries,19.41,USD,PRT-13855,"Li-ion 3.7 V, 2000 mAh, slim pack",https://www.sparkfun.com/lithium-ion-battery-2ah.html,2026-09-29
pololu,Pololu Robotics & Electronics,pololu-3036,5:1 Micro Metal Gearmotor HPCB 12V,motors,26.45,USD,3036,"Micro metal gearmotor, 12 V HPCB, ~5:1, 6800 RPM no-load, 0.75 A stall, 3 mm D-shaft",https://www.pololu.com/product/3036,2026-09-29
pololu,Pololu Robotics & Electronics,pololu-2818,FEETECH FS90 Micro Servo,servos,8.40,USD,2818,"Analog micro servo; at 6 V: 0.10 s/60°, 1.5 kg·cm, 9.0 g; 3.3 V or 5 V signal",https://www.pololu.com/product/2818,2026-09-29
pololu,Pololu Robotics & Electronics,pololu-2130,DRV8833 Dual Motor Driver Carrier,motor-drivers,10.95,USD,2130,"DRV8833 dual H-bridge, 2.7–10.8 V, 1.2 A/channel continuous (2 A peak)",https://www.pololu.com/product/2130,2026-09-29
pololu,Pololu Robotics & Electronics,pololu-2133,"DRV8825 Stepper Motor Driver Carrier, High Current",motor-drivers,15.95,USD,2133,"DRV8825 bipolar stepper driver, 8.2–45 V, ~1.5 A/phase (2.2 A with cooling), to 1/32 step",https://www.pololu.com/product/2133,2026-09-29
pololu,Pololu Robotics & Electronics,pololu-3101,A-Star 32U4 Micro,microcontrollers-sbc,19.95,USD,3101,"ATmega32U4, 18 I/O (6 PWM, 8 analog), Micro-USB, 1″ × 0.6″, Arduino bootloader",https://www.pololu.com/product/3101,2026-09-29
pololu,Pololu Robotics & Electronics,pololu-3544,Romi 32U4 Control Board,microcontrollers-sbc,74.95,USD,3544,"ATmega32U4 robot controller with dual motor drivers, inertial sensors, encoder inputs, Pi interface",https://www.pololu.com/product/3544,2026-09-29
pololu,Pololu Robotics & Electronics,pololu-3415,"VL53L1X Time-of-Flight Distance Sensor Carrier with Voltage Regulator, 400cm Max",sensors,22.95,USD,3415,"VL53L1X laser ToF ranging up to 4 m, carrier with voltage regulator",https://www.pololu.com/product/3415,2026-09-29
pololu,Pololu Robotics & Electronics,pololu-4148,"QTR-MD-08RC Reflectance Sensor Array: 8-Channel, 8mm Pitch, RC Output",sensors,9.90,USD,4148,"8-channel IR reflectance (line) sensor array, 8 mm pitch, RC output, 2.9–5.5 V",https://www.pololu.com/product/4148,2026-09-29
pololu,Pololu Robotics & Electronics,pololu-3500,Romi Chassis Kit - Black,chassis-kits,39.95,USD,3500,"Romi chassis kit: 2 motors, 2 wheels, ball caster, battery contacts",https://www.pololu.com/product/3500,2026-09-29
pololu,Pololu Robotics & Electronics,pololu-3690,"Pololu Multi-Hub Wheel w/Inserts for 3mm and 4mm Shafts - 80×10mm, Black, 2-Pack",wheels-mechanical,11.95,USD,3690,"80 × 10 mm wheels, silicone tires, collets for 3/4 mm D and round shafts, 2-pack",https://www.pololu.com/product/3690,2026-09-29
pololu,Pololu Robotics & Electronics,pololu-954,Pololu Ball Caster with 3/4″ Plastic Ball,wheels-mechanical,5.49,USD,954,"Ball caster with 3/4″ plastic ball, 0.9″–1.2″ height via spacers",https://www.pololu.com/product/954,2026-09-29
pololu,Pololu Robotics & Electronics,pololu-2831,"Pololu 5V, 1A Step-Down Voltage Regulator D24V10F5",power-batteries,12.95,USD,2831,"Step-down regulator, 5 V out, 1 A, 5.1–36 V in",https://www.pololu.com/product/2831,2026-09-29
servocity,ServoCity,servocity-5203-2402-0019,"5203 Series Yellow Jacket Planetary Gear Motor (19.2:1 Ratio, 24mm Length 8mm REX® Shaft, 312 RPM, 3.3 - 5V Encoder)",motors,54.99,USD,5203-2402-0019,"12 VDC planetary gearmotor, 19.2:1, 312 RPM, 24.3 kg·cm (338 oz-in) stall, 8 mm REX shaft, encoder",https://www.servocity.com/5203-series-yellow-jacket-planetary-gear-motor-19-2-1-ratio-24mm-length-8mm-rex-shaft-312-rpm-3-3-5v-encoder/,2026-09-29
servocity,ServoCity,servocity-638114,"Premium N20 Gear Motor (210:1 Ratio, 130 RPM)",motors,12.99,USD,638114,"N20 micro gearmotor, 210:1 ratio, 130 RPM",https://www.servocity.com/130-rpm-micro-gear-motor/,2026-09-29
servocity,ServoCity,servocity-2002-0180-0002,"Proton Servo (Steel Gears, 180° Rotation, Torque Ratio)",servos,17.99,USD,2002-0180-0002,"Standard-size servo, steel gears, 180°, 75 oz-in (5.40 kg·cm) stall at 6 V",https://www.servocity.com/proton-servo-steel-gears-180-rotation-torque-ratio/,2026-09-29
servocity,ServoCity,servocity-2003-0180-0001,"Daryl (Nylon Gears, 180° Rotation, 0.15s/60°, 53 oz-in)",servos,9.99,USD,2003-0180-0001,"Budget servo, nylon gears, 180°, 0.15 s/60°, 53 oz-in",https://www.servocity.com/daryl-nylon-gears-180-rotation-0-15s-60-53-oz-in/,2026-09-29
servocity,ServoCity,servocity-3105-0101-0020,1x20A Motor Controller (9-30V Input),motor-drivers,39.99,USD,3105-0101-0020,"Single brushed DC ESC, 9–30 V in, 20 A continuous (30 A burst), R/C input, 6 V BEC",https://www.servocity.com/1x20a-motor-controller/,2026-09-29
servocity,ServoCity,servocity-imc404,Roboclaw 2x7A Motor Controller,motor-drivers,79.99,USD,IMC404,"Dual brushed DC, 7.5 A continuous (15 A peak) per channel, USB/RC/serial/analog, dual encoder inputs",https://www.servocity.com/roboclaw-2x7a-motor-controller/,2026-09-29
servocity,ServoCity,servocity-3114-0001-0001,Pololu A-Star 32U4 Prime SV,microcontrollers-sbc,39.99,USD,3114-0001-0001,"ATmega32U4 in Arduino form factor, 5–36 V input (no microSD)",https://www.servocity.com/pololu-a-star-32u4-prime-sv/,2026-09-29
servocity,ServoCity,servocity-3124-0001-0001,"Laser Distance Sensor (1m Range, 3.3-5V, Digital or Analog Output)",sensors,29.99,USD,3124-0001-0001,"Laser time-of-flight distance sensor, up to 1 m, 3.3–5 V, digital or analog output",https://www.servocity.com/laser-distance-sensor-1m-range-3-3-5v-digital-or-analog-output/,2026-09-29
servocity,ServoCity,servocity-3209-0001-0007,Strafer® Chassis Kit (104mm GripForce™ Mecanum Wheels),chassis-kits,699.99,USD,3209-0001-0007,"Mecanum drive chassis kit, 312 RPM planetary motors, 104 mm GripForce mecanum wheels",https://www.servocity.com/strafer-chassis-kit-104mm-gripforce-mecanum-wheels/,2026-09-29
servocity,ServoCity,servocity-3624-0014-0096,"96mm Omni Wheel (14mm Bore, 50A Durometer)",wheels-mechanical,21.99,USD,3624-0014-0096,"96 mm omni wheel, 14 mm bore, 50A-durometer rollers",https://www.servocity.com/96mm-omni-wheel-14mm-bore-50a-durometer/,2026-09-29
servocity,ServoCity,servocity-3213-3606-0002,96mm Mecanum Wheel Set (70A Durometer Bearing Supported Rollers),wheels-mechanical,169.99,USD,3213-3606-0002,"96 mm goBILDA mecanum wheel set, 70A bearing-supported rollers",https://www.servocity.com/96mm-mecanum-wheel-set-70a-durometer-bearing-supported-rollers/,2026-09-29
servocity,ServoCity,servocity-3100-0012-0020,"12V NiMH Nested Battery (3000mAh, MH-FC XT30 Connector)",power-batteries,64.99,USD,3100-0012-0020,"12 V NiMH, 3000 mAh, nested form factor, XT30 (MH-FC) connector",https://www.servocity.com/12v-nimh-nested-battery-3000mah-mh-fc-xt30-connector/,2026-09-29
servocity,ServoCity,servocity-3209-0008-0001,Bravo body frame,chassis-kits,399.99,USD,3209-0008-0001,"Structural chassis kit only: no tracks, motors, controller or battery. Used as a body frame in this concept.",https://www.servocity.com/bravo-bare-bones-chassis-kit-no-tread-no-motors-no-controller-no-battery/,2026-09-29
seeed,Seeed Studio,seeed-108990003,Small Size and High Torque Stepper Motor - 24BYJ48,motors,4.90,USD,108990003,"24BYJ48 stepper, 5 V DC, 2-phase, 1/32 gear ratio, 5.625°/32 step angle",https://www.seeedstudio.com/Small-Size-and-High-Torque-Stepper-Motor-24BYJ48-p-1922.html,2026-09-29
seeed,Seeed Studio,seeed-316010005,Grove - Servo,servos,6.99,USD,316010005,"Hobby servo with Grove connector, 4.8–6.0 V (5 V typical)",https://www.seeedstudio.com/Grove-Servo.html,2026-09-29
seeed,Seeed Studio,seeed-108090003,Feetech ST3215-C047 12V 30Kg Servo,servos,23.99,USD,108090003,"12 V serial bus servo, 1:345 metal gearbox, 12-bit magnetic encoder, 30 kg·cm stall",https://www.seeedstudio.com/STS3215-30KG-Serial-Servo-p-6340.html,2026-09-29
seeed,Seeed Studio,seeed-108020103,Grove - I2C Motor Driver (TB6612FNG),motor-drivers,10.98,USD,108020103,"TB6612FNG: 2 DC motors or 1 stepper up to 12 V / 1.2 A, Grove I2C",https://www.seeedstudio.com/Grove-I2C-Motor-Driver-TB6612FNG-p-3220.html,2026-09-29
seeed,Seeed Studio,seeed-113991114,Seeed Studio XIAO ESP32-S3,microcontrollers-sbc,7.49,USD,113991114,"240 MHz dual-core Xtensa LX7, Wi-Fi + BLE 5.0, thumb-sized",https://www.seeedstudio.com/XIAO-ESP32S3-p-5627.html,2026-09-29
seeed,Seeed Studio,seeed-102110919,Raspberry Pi 5 8GB,microcontrollers-sbc,175.00,USD,102110919,"2.4 GHz 64-bit quad-core Arm, 800 MHz VideoCore VII GPU, 8 GB RAM",https://www.seeedstudio.com/Raspberry-Pi-5-8GB-p-5810.html,2026-09-29
seeed,Seeed Studio,seeed-101020010,Grove - Ultrasonic Distance Sensor,sensors,4.99,USD,101020010,"Ultrasonic ranging 3–350 cm, trigger and echo on a single GPIO, Grove",https://www.seeedstudio.com/Grove-Ultrasonic-Distance-Sensor.html,2026-09-29
seeed,Seeed Studio,seeed-101020585,Grove - IMU 9DOF (ICM20600+AK09918),sensors,11.25,USD,101020585,"9-DoF IMU: ICM20600 gyro/accelerometer + AK09918 compass, Grove",https://www.seeedstudio.com/Grove-IMU-9DOF-ICM20600-AK09918.html,2026-09-29
seeed,Seeed Studio,seeed-101020532,"Grove - Time of Flight Distance Sensor(VL53L0X) - (ToF) laser-ranging module,Long Range Precision ranging",sensors,7.99,USD,101020532,"VL53L0X laser time-of-flight distance sensor, Grove",https://www.seeedstudio.com/Grove-Time-of-Flight-Distance-Sensor-VL53L0X.html,2026-09-29
seeed,Seeed Studio,seeed-110090325,Robot Car Kit-6WD Off-Road Chassis Kit,chassis-kits,99.90,USD,110090325,"6WD off-road chassis, 2 mm aluminium, 6 DC motors with 1:34 metal gearboxes",https://www.seeedstudio.com/Robot-Car-Kit-6WD-Off-Road-Chassis-p-4222.html,2026-09-29
seeed,Seeed Studio,seeed-114993667,SO-ARM101 Pro Servo Motor Kit – LeRobot Compatible 6DOF Robotic Arm,chassis-kits,277.99,USD,114993667,"LeRobot SO-101 6-DoF arm motor kit: servos, adapter board, cables (no 3D-printed parts)",https://www.seeedstudio.com/SO-101-Low-Cost-AI-Arm-Kit-Pro-p-6427.html,2026-09-29
seeed,Seeed Studio,seeed-106990290,Lipo Rider Plus (Charger/Booster) - 5V/2.4A USB Type C,power-batteries,4.99,USD,106990290,"LiPo charger/booster, 3 A charging, 5 V / 2.4 A output, USB-C",https://www.seeedstudio.com/Lipo-Rider-Plus-p-4204.html,2026-09-29
seeed,Seeed Studio,seeed-100046482,SO-101 assembled arm,chassis-kits,299.00,USD,100046482,"Assembled Pro kit with printed structure, six STS3215 servos and BusLinker V3. Designer CAD is a visualization reference; supplier revision may differ.",https://www.seeedstudio.com/SO-101-Assembled-Kit-Pro-p-6691.html,2026-09-29
seeed,Seeed Studio,seeed-100053279,Reachy body top shell,chassis-kits,2.98,USD,100053279,"Empty upper body cover only; mechanisms, electronics and lower cover are separate. Designer mesh revision is not mechanically verified against the sold shell.",https://www.seeedstudio.com/Reachy-Mini-body-p-6798.html,2026-09-29
seeed,Seeed Studio,seeed-100072462,Reachy body bottom shell,chassis-kits,2.27,USD,100072462,"Empty lower body cover only; mechanisms, electronics and upper cover are separate. Designer mesh revision is not mechanically verified against the sold shell.",https://www.seeedstudio.com/Reachy-Mini-body-p-6799.html,2026-09-29
seeed,Seeed Studio,seeed-100054390,Reachy front head shell,chassis-kits,2.20,USD,100054390,"Front head cover only; rear cover, eyes, sensors and mechanisms are separate. Designer mesh revision is not mechanically verified against the sold shell.",https://www.seeedstudio.com/Reachy-Mini-Head-p-6848.html,2026-09-29
dfrobot,DFRobot,dfrobot-fit0186,"12V Metal DC Geared Motor with Encoder (43.8:1, 251RPM, 18Kg.cm)",motors,16.50,USD,FIT0186,"12 V metal gearmotor, 43.8:1, 251 RPM, 18 kg·cm, 700 counts/rev encoder",https://www.dfrobot.com/product-634.html,2026-09-29
dfrobot,DFRobot,dfrobot-fit0450,TT Motor with Encoder (6V 160RPM 120:1),motors,7.40,USD,FIT0450,"6 V TT gearmotor, 120:1, 160 RPM, with encoder",https://www.dfrobot.com/product-1457.html,2026-09-29
dfrobot,DFRobot,dfrobot-ser0020,DSS-P05 Standard Servo (5.1kg),servos,5.80,USD,SER0020,"Standard servo, 180°, 4.8–6 V, 38 g",https://www.dfrobot.com/product-236.html,2026-09-29
dfrobot,DFRobot,dfrobot-ser0006,9g 180° Micro Servo for Arduino (1.3kg),servos,3.50,USD,SER0006,"9 g micro servo, 180° ±5°, 4.8–6 V",https://www.dfrobot.com/product-255.html,2026-09-29
dfrobot,DFRobot,dfrobot-dri0044,Fermion: TB6612FNG 2x1.2A DC Motor Driver (Breakout),motor-drivers,4.50,USD,DRI0044,"TB6612FNG dual DC motor driver breakout, 2 × 1.2 A",https://www.dfrobot.com/product-1704.html,2026-09-29
dfrobot,DFRobot,dfrobot-dri0002,MDV 2x2A DC Motor Controller (L298N),motor-drivers,12.90,USD,DRI0002,"L298N dual DC motor controller, 4.8–46 V, 2 A per channel",https://www.dfrobot.com/product-66.html,2026-09-29
dfrobot,DFRobot,dfrobot-dfr0654,"FireBeetle 2 ESP32-E IoT Microcontroller (32M / 512KB, Supports Wi-Fi & Bluetooth)",microcontrollers-sbc,8.90,USD,DFR0654,"ESP32-E IoT board, Wi-Fi + Bluetooth, Arduino-compatible",https://www.dfrobot.com/product-2195.html,2026-09-29
dfrobot,DFRobot,dfrobot-sen0340,"TF-Luna ToF Single-Point Ranging Solid State LiDAR Sensor (8m, UART / I2C)",sensors,24.90,USD,SEN0340,"TF-Luna single-point ToF lidar, 0.2–8 m, 1 cm resolution, UART/I2C",https://www.dfrobot.com/product-1995.html,2026-09-29
dfrobot,DFRobot,dfrobot-sen0374,Fermion: BNO055 Intelligent 9-axis Sensor (Breakout),sensors,17.90,USD,SEN0374,"BNO055 9-axis (accel, gyro, magnetometer + MCU), I2C",https://www.dfrobot.com/product-2142.html,2026-09-29
dfrobot,DFRobot,dfrobot-rob0112,Devastator Tank Mobile Robot Platform,chassis-kits,69.90,USD,ROB0112,"Tracked tank platform, high-strength aluminium alloy, Arduino/Raspberry Pi compatible",https://www.dfrobot.com/product-1219.html,2026-09-29
dfrobot,DFRobot,dfrobot-fit0654-1,Mecanum Wheel Kit (80mm - 4 Wheels),wheels-mechanical,19.60,USD,FIT0654-1,"4 × 80 mm mecanum wheels, 9 rollers each, up to 10 kg load",https://www.dfrobot.com/product-2042.html,2026-09-29
dfrobot,DFRobot,dfrobot-dfr0969,2-Way 18650 Battery Holder,power-batteries,9.90,USD,DFR0969,"Holder/charger for 2 × 18650 cells, micro-USB and USB-C in, USB out, 3 V/5 V, protected",https://www.dfrobot.com/product-2578.html,2026-09-29
robotis,ROBOTIS America,robotis-902-0135-000,DYNAMIXEL XL430-W250-T,servos,27.50,USD,902-0135-000,"DYNAMIXEL smart servo, 11.1 V, TTL, 57 RPM no-load, ~0.28 N·m est. rated torque, 4096-step resolution",https://robotis.us/products/dynamixel-xl430-w250-t,2026-09-29
robotis,ROBOTIS America,robotis-902-0163-000,DYNAMIXEL XL330-M288-T,servos,27.49,USD,902-0163-000,"DYNAMIXEL smart servo, 5 V, TTL/SBUS/iBUS/RC PWM, 103 RPM no-load, ~0.10 N·m est. rated torque",https://robotis.us/products/dynamixel-xl330-m288-t,2026-09-29
robotis,ROBOTIS America,robotis-902-0132-000,U2D2,motor-drivers,36.92,USD,902-0132-000,USB-C to TTL/RS-485 converter for controlling DYNAMIXEL actuators from a PC,https://robotis.us/products/u2d2,2026-09-29
robotis,ROBOTIS America,robotis-903-0257-000,OpenCR1.0,microcontrollers-sbc,247.14,USD,903-0257-000,"STM32F746 Cortex-M7 216 MHz robot controller, MPU9250 IMU, RS-485 & TTL DYNAMIXEL ports",https://robotis.us/products/opencr1-0,2026-09-29
robotis,ROBOTIS America,robotis-902-0183-000,OpenRB-150,microcontrollers-sbc,28.64,USD,902-0183-000,Arduino-compatible DYNAMIXEL controller board (batteries and cables not included),https://robotis.us/products/openrb-150,2026-09-29
robotis,ROBOTIS America,robotis-902-0043-000,Distance Measuring Sensor DMS-80,sensors,20.47,USD,902-0043-000,"Distance sensor, 10–80 cm, 4.5–5.5 V, 4.4 g",https://robotis.us/products/distance-measuring-sensor-dms-80,2026-09-29
robotis,ROBOTIS America,robotis-902-0042-000,Gyro Sensor GS-12,sensors,47.84,USD,902-0042-000,"Gyro sensor, ±300°/s, 4.5–5.5 V, 23 × 23 × 10 mm",https://robotis.us/products/gyro-sensor-gs-12,2026-09-29
robotis,ROBOTIS America,robotis-901-0118-301,TurtleBot 3 Burger RPi4 4GB [US],chassis-kits,783.50,USD,901-0118-301,TurtleBot3 Burger ROS robot kit with Raspberry Pi 4 (4 GB) and LDS lidar,https://robotis.us/products/turtlebot-3-burger-rpi4-4gb-us,2026-09-29
robotis,ROBOTIS America,robotis-903-0260-000,TB3 Wheel Tire Set-ISW-01 (2ea),wheels-mechanical,10.81,USD,903-0260-000,"Engineering-plastic wheels with high-grip rubber tires, bolt to DYNAMIXEL, 2 pcs",https://robotis.us/products/tb3-wheel-tire-set-isw-01-2ea,2026-09-29
robotis,ROBOTIS America,robotis-903-0262-000,TB3 Ball Caster-A01 (1ea),wheels-mechanical,4.03,USD,903-0262-000,Ball caster (frame + steel ball) for 6 mm plates / TB3 Waffle Plate,https://robotis.us/products/tb3-ball-caster-a01-1ea,2026-09-29
robotis,ROBOTIS America,robotis-903-0210-000,LIPO Battery 11.1V 1800mAh LB-012,power-batteries,68.54,USD,903-0210-000,"LiPo 11.1 V, 1800 mAh, 5C, built-in PCM protection, 106 g",https://robotis.us/products/lipo-battery-11-1v-1800mah-lb-012,2026-09-29
robotis,ROBOTIS America,robotis-903-0126-000,SMPS 12V 5A PS-10 [US-110V],power-batteries,24.61,USD,903-0126-000,"12 V 5 A power supply, 100–260 V AC input",https://robotis.us/products/smps-12v-5a-ps-10-us-110v,2026-09-29
waveshare,Waveshare Electronics,waveshare-23489,"DDSM115 Direct Drive Servo Motor, Low Speed & High Torque, Low Noise, All-In-One Design, Hub Motor",motors,64.99,USD,23489,"Direct-drive hub servo motor, 115 RPM rated, 0.96 N·m rated / 2.0 N·m locked-rotor, 4096-count encoder, RS485, IP54",https://www.waveshare.com/ddsm115.htm,2026-09-29
waveshare,Waveshare Electronics,waveshare-24440,"2.3kg Serial Bus Servo, Two-way Feedback, Servo/Motor Mode Switchable, Compact Size, 300° Rotation Angle",servos,8.99,USD,24440,"Serial bus servo, 2.3 kg·cm at 6 V, 300° rotation, 4–6 V, 0.1 s/60°",https://www.waveshare.com/sc09-servo.htm,2026-09-29
waveshare,Waveshare Electronics,waveshare-21568,SC15 17kg Large Torque Programmable Serial Bus Servo,servos,17.99,USD,21568,"Serial bus servo, 15 kg·cm at 6 V, metal gears, 4.8–8.4 V, 210° servo / 360° motor mode",https://www.waveshare.com/sc15-servo.htm,2026-09-29
waveshare,Waveshare Electronics,waveshare-15364,"Motor Driver HAT for Raspberry Pi, I2C Interface",motor-drivers,13.99,USD,15364,"Raspberry Pi HAT, TB6612FNG + PCA9685, I2C, 6–12 V motor supply",https://www.waveshare.com/motor-driver-hat.htm,2026-09-29
waveshare,Waveshare Electronics,waveshare-15669,"Stepper Motor HAT for Raspberry Pi, Drives Two Stepper Motors",motor-drivers,18.99,USD,15669,"Raspberry Pi HAT, dual DRV8825, 8.2–28 V, 2.5 A, up to 1/32 microstepping",https://www.waveshare.com/stepper-motor-hat.htm,2026-09-29
waveshare,Waveshare Electronics,waveshare-23730,"General Driver board for Robots, Based on ESP32, multi-functional, supports WIFI, Bluetooth and ESP-NOW communications, ESP32-WROOM-32UE, ESP32 Dev Board",microcontrollers-sbc,27.99,USD,23730,"ESP32-WROOM-32UE robot driver board, Wi-Fi/Bluetooth/ESP-NOW, works with Raspberry Pi and Jetson Nano",https://www.waveshare.com/general-driver-for-robots.htm,2026-09-29
waveshare,Waveshare Electronics,waveshare-25978,"D500 Developer Kit, DTOF Laser Ranging Sensor, 360° Omni-Directional Lidar, UART Bus",sensors,95.99,USD,25978,"360° DTOF lidar, 0.03–12 m, 5000 Hz ranging, 6–13 Hz scan, UART 230400",https://www.waveshare.com/d500-lidar-kit.htm,2026-09-29
waveshare,Waveshare Electronics,waveshare-18301,"TOF Laser Range Sensor, UART / CAN Bus, Cascading Support, Ranging up to 5m, with Software",sensors,17.99,USD,18301,"Time-of-flight laser range sensor, up to 5 m, UART/CAN, cascadable",https://www.waveshare.com/tof-laser-range-sensor.htm,2026-09-29
waveshare,Waveshare Electronics,waveshare-wave-rover,"WAVE ROVER Flexible And Expandable 4WD Mobile Robot Chassis, Full Metal Body, Multiple Hosts Support, With Onboard ESP32 Module",chassis-kits,89.99,USD,,"Full-metal 4WD chassis with onboard ESP32, 4 × 1.5 W motors, 3 × 18650 (not included), 194 × 168 × 100 mm",https://www.waveshare.com/wave-rover.htm,2026-09-29
waveshare,Waveshare Electronics,waveshare-ups-hat,"Uninterruptible Power Supply UPS HAT For Raspberry Pi, Stable 5V Power Output",power-batteries,19.99,USD,,"5 V UPS HAT for Raspberry Pi, 18650 cells (not included), 8.4 V 2 A charger, I2C monitoring",https://www.waveshare.com/ups-hat.htm,2026-09-29
waveshare,Waveshare Electronics,waveshare-dc-buck-adapter-7-2v,"Serial Bus Servo DC Buck Adapter, Mini Module, Design for Serial Bus Servos, Easy to Use, 7.2V / 6V Buck Regulator",power-batteries,3.49,USD,,"Buck adapter for serial bus servos, 9–36 V in, 7.2 V or 6 V out",https://www.waveshare.com/dc-buck-adapter-7.2v.htm,2026-09-29
waveshare,Waveshare Electronics,waveshare-roarm-m2-s,RoArm-M2-S arm,chassis-kits,179.99,USD,25118,Complete 4-DOF desktop arm with gripper and ESP32 controller. Base S configuration; optional camera excluded.,https://www.waveshare.com/roarm-m2-s.htm,2026-09-29
waveshare,Waveshare Electronics,waveshare-roarm-m3-s,RoArm-M3-S arm,chassis-kits,239.99,USD,30256,Complete 5+1-DOF arm with gripper. Price is the base S configuration; optional accessories excluded.,https://www.waveshare.com/roarm-m3.htm,2026-09-29
