company_id,company_name,country,china_based,company_url,activity_evidence,activity_url,product_id,name,product_url,primary_role,catalog_group,part_type,assembly_level,purchased_scope,price,currency,availability,cad_status,cad_url,cad_formats,image_url,notes,evidence_urls,researched_at,browser_ready
apptronik,Apptronik,United States,False,https://apptronik.com/,"Official June 30, 2026 announcement describes Apollo 2 fleets collecting training data with Google DeepMind; February 2026 funding announcement supports ongoing commercialization.",https://apptronik.com/company/press-releases,apptronik-apollo-2,Apollo 2,https://apptronik.com/apollo/apollo-2,whole_robot,whole_robot,humanoid_robot,complete_robot,Enterprise humanoid platform offered in bipedal or wheeled configurations. Separate arm or torso sales are not established.,,,Enterprise inquiry through Get Started; no public checkout price or general delivery commitment verified.,not_found,,,,"Useful whole-body reference, but do not present a modular configuration as proof that individual body sections can be purchased. Public downloadable CAD was not found in the checked official sources.",https://apptronik.com/apollo/apollo-2|https://apptronik.com/company/press-releases,2026-09-29,False
boston-dynamics,Boston Dynamics,United States,False,https://bostondynamics.com/,Manufacturer announced production-ready Atlas in January 2026 and reports manufacturing plus scheduled initial deployments at Hyundai and Google DeepMind.,https://bostondynamics.com/blog/atlas-evolution-from-research-robot-to-industrial-humanoid/,boston-dynamics-atlas-electric,Atlas (electric production version),https://bostondynamics.com/products/atlas/,whole_robot,whole_robot,humanoid_robot,complete_robot,Complete industrial humanoid platform for enterprise material handling. Individual arms and torso are not listed as purchasable products.,,,"Enterprise conversation and selected early-adopter deployments; price by inquiry, no retail checkout verified.",not_found,,,,Current electric production Atlas differs from older hydraulic research Atlas. Do not substitute legacy research meshes without explicitly labeling the different robot generation.,https://bostondynamics.com/products/atlas/|https://bostondynamics.com/blog/atlas-evolution-from-research-robot-to-industrial-humanoid/|https://bostondynamics.com/wp-content/uploads/2026/01/atlas-spec-sheet.pdf,2026-09-29,False
figure-ai,Figure AI,United States,False,https://www.figure.ai/,"Official June 30, 2026 update reports Figure 03 deployment at BMW, following its October 2025 introduction and April 2026 production update.",https://www.figure.ai/news/f-03-at-bmw,figure-03,Figure 03,https://www.figure.ai/figure,whole_robot,whole_robot,humanoid_robot,complete_robot,"Complete general-purpose humanoid platform with integrated hands, arms, torso and legs; separate modules are not confirmed for sale.",,,Commercial deployments and company inquiry; no public retail checkout or broadly available purchasing terms verified.,not_found,,,,Keep outside individual arm and torso choices. Public CAD for the current Figure 03 was not found during the timeboxed official-source check.,https://www.figure.ai/|https://www.figure.ai/figure|https://www.figure.ai/news/introducing-figure-03|https://www.figure.ai/news/f-03-at-bmw,2026-09-29,False
franka,Franka Robotics,Germany,False,https://franka.de/,FR3 remains an actively developed physical-AI research platform; official February 2026 brochure and product page describe ongoing system-image and arm revisions.,https://franka.de/hubfs/Brochure_FrankaResearch3_February2026.pdf?hsLang=en,franka-fr3,Franka Research 3,https://franka.de/franka-research-3-arm,arms,body,robotic_arm_assembly,module,Seven-axis research arm and control system; end-effector and options depend on ordered configuration.,,,Manufacturer sales inquiry / buy-now route; public numeric price not verified.,official_repository,https://github.com/frankarobotics/franka_description,URDF,,"Official repository supplies robot meshes and URDF generation for FR3 revisions. Select the purchased revision before conversion. This is an industrial research arm, not a small hobby kit; do not assume a gripper is included.",https://franka.de/franka-research-3-arm|https://github.com/frankarobotics/franka_description|https://franka.de/documents,2026-09-29,False
hello-robot,Hello Robot,United States,False,https://hello-robot.com/,"Official announcement launched Stretch 4 on May 12, 2026; current purchase page offers it with 2–4 week typical shipping.",https://forum.hello-robot.com/t/introducing-stretch-4/1505,hello-stretch-4,Stretch 4,https://hello-robot.com/purchase/,whole_robot,whole_robot,mobile_manipulator,complete_robot,"Complete mobile manipulator with telescoping arm, lift, sensor head and mobile base; includes compliant gripper, battery, power supply and teleoperation controllers.",29950,USD,Available by quote; typical shipment 2–4 weeks after payment or purchase order.,official_repository,https://github.com/hello-robot/stretch4_mujoco,MESHES|MJCF|URDF,,"The arm, mast and head are subsystems of the purchased robot; they are not confirmed as separately sold body sections. Official simulation repository provides models and licensing information.",https://hello-robot.com/purchase/|https://forum.hello-robot.com/t/introducing-stretch-4/1505|https://github.com/hello-robot/stretch4_mujoco,2026-09-29,False
igus,igus,Germany,False,https://www.igus.com/,"Official 2026 robotics news includes ReBeL cobot updates, mobile robots, humanoid development and the RBTX marketplace.",https://www.igus.com/automation/news,igus-rebel-6dof,ReBeL 6-Axis Cobot,https://www.igus.com/robotics/cobots,arms,body,robotic_arm_assembly,module,"Six-axis articulated arm with control integrated in the base; end-effector, accessories and final configuration require selection.",,USD,"Configure/request quote. Indexed official listing showed $7,499, but live category rendering omitted products, so price remains unconfirmed.",official_repository,https://github.com/CommonplaceRobotics/iRC_ROS/tree/humble/irc_ros_description,DAE|STL|URDF|XACRO,,Supplier control partner publishes ReBeL robot descriptions and geometry. Repository is deprecated for control software; geometry is a candidate for visualization and needs revision matching before import. Germany location supported by official site's Cologne company identity. Listed formats reflect documented mesh pipeline and need per-file verification before download.,https://www.igus.com/robotics/cobots|https://www.igus.com/automation/news|https://igusrebel.com/|https://github.com/CommonplaceRobotics/iRC_ROS/blob/humble/README.md|https://github.com/CommonplaceRobotics/iRC_ROS/tree/humble/irc_ros_description,2026-09-29,False
kinova,Kinova,Canada,False,https://www.kinovarobotics.com/,Official 2026 Gen3 datasheet and official ROS 2 repository updates in September 2026 establish current development and commercial activity.,https://www.kinovarobotics.com/uploads/Kinova_Onepager_Gen3_2026_EN.pdf,kinova-gen3,Gen3 robotic arm,https://www.kinovarobotics.com/product/gen3-robots,arms,body,robotic_arm_assembly,module,"Complete research robotic arm, offered in 6- and 7-DoF variants. Vision and end-effectors are configuration options; quote determines included equipment.",,,Request a demo / sales quote.,official_repository,https://github.com/Kinovarobotics/ros2_kortex/tree/main/kortex_description,STL|URDF|XACRO,,Strong full-arm candidate with manufacturer-provided robot descriptions and meshes. Official product page also lists separate CAD downloads for 6- and 7-DoF models; repository verified directly.,https://www.kinovarobotics.com/product/gen3-robots|https://github.com/Kinovarobotics/ros2_kortex/tree/main/kortex_description|https://www.kinovarobotics.com/uploads/Kinova_Onepager_Gen3_2026_EN.pdf|https://github.com/kinovarobotics,2026-09-29,False
kinova,Kinova,Canada,False,https://www.kinovarobotics.com/,Official 2026 Gen3 datasheet and official ROS 2 repository updates in September 2026 establish current development and commercial activity.,https://www.kinovarobotics.com/uploads/Kinova_Onepager_Gen3_2026_EN.pdf,kinova-gen3-lite,Gen3 lite robotic arm,https://www.kinovarobotics.com/product/gen3-lite-robots,arms,body,robotic_arm_assembly,module,Complete six-axis compact robotic arm with two-finger gripper; 760 mm reach and 0.5 kg continuous payload. Confirm included power and mounting accessories with seller.,,,Current official product listing; contact sales for quote and lead time.,official_repository,https://github.com/Kinovarobotics/ros2_kortex/tree/main/kortex_description,STL|URDF|XACRO,,Full articulated arm candidate with official model assets; price was not publicly verified.,https://www.kinovarobotics.com/product/gen3-lite-robots|https://github.com/Kinovarobotics/ros2_kortex/tree/main/kortex_description,2026-09-29,False
neura,NEURA Robotics,Germany,False,https://neura-robotics.com/,"January 14, 2026: strategic humanoid robotics partnership with Bosch. September 7, 2026: partnership with SECO to scale Physical AI compute modules and robot production.",https://neura-robotics.com/neura-robotics-bosch-partnership/,neura-maira,MAiRA cognitive robot arm,https://neura-robotics.com/products/maira/,arms,body,robotic_arm_assembly,module,"Complete seven-axis industrial arm offered in S, M and L variants. Confirm controller, end-effector and accessory scope in a vendor quotation.",,,"Manufacturer describes commercially available; contact sales for configuration, price and lead time.",not_found,,,,"Actual complete industrial arm, not a small servo. Product page provides a datasheet; no publicly downloadable official CAD model was verified during this bounded search. Third-party academic approximation was excluded.",https://neura-robotics.com/products/maira/|https://neura-robotics.com/neura-robotics-bosch-partnership/|https://neura-robotics.com/neura-robotics-seco-partnership-physical-ai-europe/,2026-09-29,False
niryo,Niryo,France,False,https://niryo.com/,Official 2026 company timeline describes new industrial and medical robotics expansion; current site lists Ned2 and Ned3Pro alongside the new NR2 family.,https://niryo.com/about-us/,niryo-ned2,Ned2 Educational Desktop Robotic Arm,https://www.niryo.com/product/educational-desktop-robotic-arm/,arms,body,robotic_arm_assembly,module,Complete six-axis desktop arm; optional accessories and educational bundles are separate configurations.,3990,EUR,"Quote/order configuration; starting price from official product listing, excluding duties and local taxes.",official_repository,https://github.com/NiryoRobotics/ned2,STEP|STL,,Official download center links directly to the full NED2_STEP.step and STL directory. Educational arm with 490 mm reach and 300 g payload; mount and gripper compatibility with other suppliers is unverified.,https://www.niryo.com/product/educational-desktop-robotic-arm/|https://niryo.com/platform/ned/|https://niryo.com/de/ressourcen/download-center/|https://github.com/NiryoRobotics/ned2/blob/master/NED2_STEP.step|https://github.com/NiryoRobotics/ned2/tree/master/STL,2026-09-29,False
niryo,Niryo,France,False,https://niryo.com/,Official 2026 company timeline describes new industrial and medical robotics expansion; current site lists Ned2 and Ned3Pro alongside the new NR2 family.,https://niryo.com/about-us/,niryo-ned3pro,Ned3Pro Professional Collaborative Robotic Arm,https://niryo.com/product/ned3-pro-professional-collaborative-robotic-arm/,arms,body,robotic_arm_assembly,module,Complete six-axis arm; tool and warranty configurations must be selected when requesting a quote.,6900,EUR,Quote/order configuration; starting price from official product listing.,public_download,https://niryo.com/resources/download-center/,STEP|STL,,Official download center advertises STEP and STL under the Ned3Pro section. Direct file fetch was not confirmed during timebox; do not mark as locally downloaded. Arm has 500 mm reach and 500 g payload.,https://niryo.com/product/ned3-pro-professional-collaborative-robotic-arm/|https://niryo.com/platform/ned/|https://niryo.com/resources/download-center/|https://niryo.com/de/ressourcen/download-center/,2026-09-29,False
pal-robotics,PAL Robotics,Spain,False,https://pal-robotics.com/,"May 15, 2026 announcement introduced a standalone manipulation platform for ICRA 2026, with sale availability at launch. The current product page identifies TIAGo Pro Arm.",https://pal-robotics.com/news/pal-robotics-releases-a-new-robot-for-advanced-manipulation/,pal-tiago-pro-arm,TIAGo Pro Arm,https://pal-robotics.com/robot/arm/,arms,body,robotic_arm_assembly,module,"Standalone complete seven-axis robotic arm with integrated base electronics and interchangeable tooling. Exact controller, gripper and accessories depend on quoted configuration.",,,Request a quote / trial; current standalone arm product with sales call to action.,official_repository,https://github.com/pal-robotics/pal_sea_arm/tree/humble-devel/pal_sea_arm_description,URDF,,Strong true-arm candidate. Official product lists a URDF model and the manufacturer's public SEA-arm description repository is present. Validate exact standalone base and hardware revision before conversion. Published payload and reach figures differ between marketing sections and specifications; omitted here pending vendor clarification.,https://pal-robotics.com/robot/arm/|https://pal-robotics.com/news/pal-robotics-releases-a-new-robot-for-advanced-manipulation/|https://github.com/pal-robotics/pal_sea_arm/tree/humble-devel,2026-09-29,False
pollen-robotics,Pollen Robotics,France,False,https://pollen-robotics.com/,"The current official site reports more than 10,000 Reachy Mini shipments and offers current Reachy Mini and Microduck products; its store terms were updated September 21, 2026. This establishes current activity rather than a numerical popularity ranking.",https://pollen-robotics.com/,pollen-reachy-mini-wireless,Reachy Mini Wireless,https://pollen-robotics.com/reachy-mini/,whole_robot,whole_robot,desktop_robot,kit,"Complete expressive desktop robot DIY kit, including onboard compute and sensors. Not a separately purchasable head or torso.",499,USD,Orderable; official page says lead time up to 90 days.,official_repository,https://github.com/pollen-robotics/reachy_mini,STL|URDF,,"Whole robot has a useful head/body appearance, but do not present its entire purchase as a stand-alone torso. Source mesh licensing and exact hardware revision need review before redistribution.",https://pollen-robotics.com/reachy-mini/|https://github.com/pollen-robotics/reachy_mini|https://store.pollen-robotics.com/policies/contact-information,2026-09-29,False
pollen-robotics,Pollen Robotics,France,False,https://pollen-robotics.com/,"The current official site reports more than 10,000 Reachy Mini shipments and offers current Reachy Mini and Microduck products; its store terms were updated September 21, 2026. This establishes current activity rather than a numerical popularity ranking.",https://pollen-robotics.com/,pollen-reachy-2,Reachy 2,https://pollen-robotics.com/reachy-2/,whole_robot,whole_robot,mobile_manipulator,complete_robot,"Configurable humanoid mobile manipulation platform with human-scale arms, head, torso and optional mobile base; quote required. Separate arm/torso sale not established.",,,Sales enquiry / quotation.,official_repository,https://github.com/pollen-robotics/reachy2_core,MESHES|URDF|XACRO,,"Official product describes 7-DoF human-proportioned arms. Excellent visual body-section reference, but keep classified as a whole robot unless Pollen confirms separate modules for sale.",https://pollen-robotics.com/reachy-2/|https://pollen-robotics.com/contact-us/|https://github.com/pollen-robotics/reachy2_core,2026-09-29,False
robotis,ROBOTIS,South Korea,False,https://robotis.com/en/,Current Physical AI lineup includes AI Worker and OMY; official site carries 2026 news. This supports active relevance rather than a popularity ranking.,https://ai.robotis.com/,robotis-openmanipulator-x,OpenMANIPULATOR-X RM-X52-TNM,https://docs.robotis.com/docs/systems/openmanipulator_x/overview/,arms,body,robotic_arm_kit,kit,"Articulated arm mechanism with DYNAMIXEL joints and gripper; base plate excluded. Controller/interface, PC and power supply must be selected separately.",,,Manufacturer documentation active; current retail stock and price not verified.,official_repository,https://github.com/ROBOTIS-GIT/open_manipulator,STL|URDF,,"An actual arm, not an individual DYNAMIXEL servo. Official printable component STL downloads are also linked from the manual. Assembly and URDF pose reconstruction required for a full preview.",https://docs.robotis.com/docs/systems/openmanipulator_x/overview/|https://github.com/ROBOTIS-GIT/open_manipulator|https://www.robotis.com/service/download.php?no=690,2026-09-29,False
robotshop,RobotShop / Lynxmotion,Canada,False,https://www.robotshop.com/,"April 2026: RobotShop announced becoming AGIBOT’s value-added distribution partner in North America, providing current industry expansion evidence alongside its Lynxmotion modular arm range.",https://www.robotshop.com/pages/press-room,robotshop-rb-lyn-1034,Lynxmotion SES-V2 Robotic Arm (4 DoF) with Smart Servos Kit,https://www.robotshop.com/products/lynxmotion-lss-4-dof-robotic-arm-kit,arms,body,robotic_arm_kit,kit,"Unassembled arm kit with five smart servos, structural brackets and hardware, gripper, LSS Adapter, 12V wall adapter, USB cable and tools.",747.38,USD,Re-stocking soon; no confirmed ETA on page.,official_repository,https://github.com/Lynxmotion/LSS-ROS2-Arms,SDF|URDF,,US store price includes tariffs. Cosmetic arm shells are explicitly no longer available. Use a shell-free mesh presentation; battery for mobile use sold separately. Official repository confirms mesh files but individual mesh extensions were not checked.,https://www.robotshop.com/products/lynxmotion-lss-4-dof-robotic-arm-kit|https://github.com/Lynxmotion/LSS-ROS2-Arms|https://www.lynxmotion.com/ses-v2-robot-arms/,2026-09-29,False
standard-bots,Standard Bots,United States,False,https://standardbots.com/,"Current official product lineup lists Spark, Core, Thor and Bolt; official blog includes June 8, 2026 congressional testimony by its CEO.",https://standardbots.com/blog,standard-bots-spark,Spark,https://standardbots.com/spark,arms,body,robotic_arm_assembly,module,Complete industrial articulated arm; 7 kg payload and 900 mm reach. Tooling and integration package determined by quote.,,,Sales consultation / quotation.,not_found,,,,"Suitable as an arm assembly, unlike a bare motor. Public CAD for this exact current product was not found during the timeboxed check.",https://standardbots.com/spark|https://standardbots.com/,2026-09-29,False
standard-bots,Standard Bots,United States,False,https://standardbots.com/,"Current official product lineup lists Spark, Core, Thor and Bolt; official blog includes June 8, 2026 congressional testimony by its CEO.",https://standardbots.com/blog,standard-bots-core,Core,https://standardbots.com/ro1,arms,body,robotic_arm_assembly,module,"Complete industrial articulated arm; 18 kg payload and 1,300 mm reach. End tooling and cell equipment depend on quote.",,,Sales consultation / quotation.,not_found,,,,"Current site uses Core name at its /ro1 URL. Older RO1 manual references a URDF download, but exact correspondence to current Core hardware has not been verified; do not assume interchangeable model versions.",https://standardbots.com/ro1|https://standardbots.com/|https://help.standardbots.com/src/ro1-manual.pdf,2026-09-29,False
standard-bots,Standard Bots,United States,False,https://standardbots.com/,"Current official product lineup lists Spark, Core, Thor and Bolt; official blog includes June 8, 2026 congressional testimony by its CEO.",https://standardbots.com/blog,standard-bots-bolt,Bolt,https://standardbots.com/bolt,whole_robot,whole_robot,bimanual_robot,complete_robot,"Configurable bimanual robot with stationary, mobile and vertical-lift configurations; not an independently sold bare torso.",,,Sales consultation / quotation.,not_found,,,,"Visually relevant upper-body robot, but price, configuration and public model availability are unconfirmed. Keep outside individual torso choices.",https://standardbots.com/bolt|https://standardbots.com/,2026-09-29,False
trossen,Trossen Robotics,United States,False,https://www.trossenrobotics.com/,"Current Physical AI lineup and WidowX AI integration tutorials for LeRobot and OpenPI; current product page provides purchasing links. Activity evidence, not a popularity ranking.",https://www.trossenrobotics.com/widowx-ai,trossen-widowx-ai-base,WidowX AI Base,https://www.trossenrobotics.com/widowx-ai,arms,body,robotic_arm_assembly,module,"Complete six-axis arm with precision gripper, 24V power supply, iNerve controller/interface and accessory bag. Base variant excludes follower depth camera.",4545.95,USD,Orderable; manufacturer states average production time of 2–3 weeks.,official_repository,https://github.com/TrossenRobotics/trossen_arm_description,STL|URDF|XACRO,,"Full articulated arm, not a servo. Official description package supports base, leader and follower variants. Meshes need joint transforms for an assembled browser preview. Company registered in Illinois per official terms page.",https://www.trossenrobotics.com/widowx-ai|https://docs.trossenrobotics.com/trossen_arm/main/tutorials/ros2/description.html|https://github.com/TrossenRobotics/trossen_arm_description|https://www.trossenrobotics.com/terms-conditions,2026-09-29,False
universal-robots,Universal Robots,Denmark,False,https://www.universal-robots.com/,"Official September 14, 2026 announcement introduced Gen 7 industrial automation and physical AI platform.",https://www.universal-robots.com/news-and-media/news-center/universal-robots-unveils-gen-7-new-platform-industrial-automation-physical-ai/,universal-robots-ur7e,UR7e Collaborative Robot Arm,https://www.universal-robots.com/products/ur7e/,arms,body,robotic_arm_assembly,module,Complete articulated arm system; controller configuration and application-specific end-effector selected separately in quote.,,,Request pricing from manufacturer.,official_repository,https://github.com/UniversalRobots/Universal_Robots_ROS2_Description,URDF|XACRO,,Official STEP download page exists but requires login and graphical-documentation terms; no file downloaded. Manufacturer states UR5e and UR7e share mechanical design. Official ROS2 description repository is an alternative source requiring exact model/revision verification. Denmark address appears on official download page.,https://www.universal-robots.com/products/ur7e/|https://www.universal-robots.com/download/mechanical-e-series/ur5eur7e/robot-step-file-ur5eur7e-e-series/|https://github.com/UniversalRobots/Universal_Robots_ROS2_Description,2026-09-29,False
elephant-robotics,Elephant Robotics,China,True,https://www.elephantrobotics.com/en/,"Official Americas store currently promotes IROS 2026 embodied-AI work and a tenth-anniversary myCobot 280 X Edition, while maintaining manufacturer CAD downloads.",https://americas.shop.elephantrobotics.com/,elephant-mycobot-280-pi,myCobot 280 Pi,https://www.elephantrobotics.com/en/mycobot-280-pi-2023-en,arms,body,robotic_arm_assembly,module,Complete six-axis compact robotic arm with Raspberry Pi-based control. End-effectors and application kits are separate configuration choices.,,,Current manufacturer product page; price and lead time not verified.,official_download,https://download.elephantrobotics.com/Product_3d_files/myCobot_280_PI_230708.STEP,STEP,,Manufacturer documentation directly links this CAD file; binary download was not verified. A full articulated arm candidate rather than a servo component.,https://www.elephantrobotics.com/en/mycobot-280-pi-2023-en|https://docs.elephantrobotics.com/docs/AI_Portable_Kit_en/7-BasicFunctionApplication/7.2-files_download.html,2026-09-29,False
elephant-robotics,Elephant Robotics,China,True,https://www.elephantrobotics.com/en/,"Official Americas store currently promotes IROS 2026 embodied-AI work and a tenth-anniversary myCobot 280 X Edition, while maintaining manufacturer CAD downloads.",https://americas.shop.elephantrobotics.com/,elephant-mycobot-280-m5,myCobot 280 M5Stack,https://www.elephantrobotics.com/en/mycobot-en/,arms,body,robotic_arm_assembly,module,Complete six-axis compact robot arm with M5Stack controller. Grippers and other end-effectors are selected separately.,,,Current manufacturer listing; exact purchase price and lead time unverified.,official_download,https://docs.elephantrobotics.com/docs/AI_Portable_Kit_en/7-BasicFunctionApplication/7.2-files_download.html,3D MODEL,,Official download table explicitly lists a myCobot 280 M5 model. Download endpoint and model revision need checking before importing. Pi and M5 are controller variants of the same arm family.,https://www.elephantrobotics.com/en/mycobot-en/|https://docs.elephantrobotics.com/docs/AI_Portable_Kit_en/7-BasicFunctionApplication/7.2-files_download.html,2026-09-29,False
seeed,Seeed Studio,China,True,https://www.seeedstudio.com/,"Current official store offers the SO-ARM101 Pro assembled arm and Reachy Mini replacement shells with in-stock purchase listings, reflecting active open-source robotics supply.",https://www.seeedstudio.com/SO-101-Assembled-Kit-Pro-p-6691.html,seeed-100046482,SO-ARM101 Pro Assembled Kit,https://www.seeedstudio.com/SO-101-Assembled-Kit-Pro-p-6691.html,arms,body,robotic_arm_assembly,module,"Assembled articulated arm including structural printed parts, six STS3215 servos and BusLinker V3.0 controller. Optional camera is separate.",299,USD,In stock on official store.,designer_repository,https://github.com/TheRobotStudio/SO-ARM100,STEP|STL,,"The existing SKU 114993667 is a motor kit, not this assembled product. Designer SO-101 geometry is available; verify exact vendor revision before claiming exact matching CAD.",https://www.seeedstudio.com/SO-101-Assembled-Kit-Pro-p-6691.html|https://github.com/TheRobotStudio/SO-ARM100,2026-09-29,True
seeed,Seeed Studio,China,True,https://www.seeedstudio.com/,"Current official store offers the SO-ARM101 Pro assembled arm and Reachy Mini replacement shells with in-stock purchase listings, reflecting active open-source robotics supply.",https://www.seeedstudio.com/SO-101-Assembled-Kit-Pro-p-6691.html,seeed-100053279,Body Top Shell for Reachy Mini,https://www.seeedstudio.com/Reachy-Mini-body-p-6798.html,torso,body,body_shell,accessory,"Upper plastic body cover only; no motors, internal frame, controller or electronics.",2.98,USD,In stock on official store.,official_repository,https://github.com/pollen-robotics/reachy_mini,STL|URDF,,A real body-shaped shell suitable for the visual torso palette. Official designer repository includes pp01068_top_body.stl; a shell does not constitute a functioning torso.,https://www.seeedstudio.com/Reachy-Mini-body-p-6798.html|https://github.com/pollen-robotics/reachy_mini,2026-09-29,True
seeed,Seeed Studio,China,True,https://www.seeedstudio.com/,"Current official store offers the SO-ARM101 Pro assembled arm and Reachy Mini replacement shells with in-stock purchase listings, reflecting active open-source robotics supply.",https://www.seeedstudio.com/SO-101-Assembled-Kit-Pro-p-6691.html,seeed-100072462,Body Down Shell for Reachy Mini,https://www.seeedstudio.com/Reachy-Mini-body-p-6799.html,torso,body,body_shell,accessory,Lower plastic body cover only; no electronics or locomotion hardware.,2.27,USD,In stock on official store.,official_repository,https://github.com/pollen-robotics/reachy_mini,STL|URDF,,"Official designer repository includes pp01067_bottom_body.stl. Lower body cover should be labelled shell, rather than sold as a complete torso.",https://www.seeedstudio.com/Reachy-Mini-body-p-6799.html|https://github.com/pollen-robotics/reachy_mini,2026-09-29,True
unitree,Unitree Robotics,China,True,https://www.unitree.com/,"Current official store sells articulated arms alongside R1, G1 and H2 humanoids and publishes a clarification about its 2025 shipments. It lists its business address in Hangzhou, China.",https://shop.unitree.com/,unitree-z1,Unitree Z1,https://shop.unitree.com/products/unitree-z1,arms,body,robotic_arm_assembly,module,"Complete articulated robotic arm; select variant and confirm included gripper, power supply and controller with seller.",15999,USD,Official store listing; confirm final configuration and shipping with seller.,official_repository,https://github.com/unitreerobotics/unitree_ros/tree/master/robots/z1_description,MESHES|XACRO,,Official repository contains mesh and xacro directories for Z1. Price is store listing price and may depend on commercial configuration. G1/R1 humanoids are whole robots and should not be relabelled as separately sold torsos.,https://shop.unitree.com/products/unitree-z1|https://github.com/unitreerobotics/unitree_ros/tree/master/robots/z1_description|https://www.unitree.com/download/z1/,2026-09-29,False
waveshare,Waveshare,China,True,https://www.waveshare.com/,Current store lists complete RoArm-M2-S and RoArm-M3-S arm families; the official M3 support wiki links a STEP archive updated with a 260310 revision filename.,https://www.waveshare.com/wiki/RoArm-M3,waveshare-roarm-m2-s,RoArm-M2-S robotic arm,https://www.waveshare.com/roarm-m2-s.htm,arms,body,robotic_arm_assembly,module,Complete articulated desktop arm with gripper and controller; select S variant and the appropriate regional power supply.,179.99,USD,Current official purchase listing; regional variant availability may differ.,official_download,https://files.waveshare.com/wiki/RoArm-M2-S/RoArm-M2-S_STEP.zip,STEP|ZIP,,"Price is the displayed starting price for S, not the higher-priced Pro. Official full assembly CAD archive was downloaded in this session.",https://www.waveshare.com/roarm-m2-s.htm|https://www.waveshare.com/wiki/RoArm-M2-S,2026-09-29,True
waveshare,Waveshare,China,True,https://www.waveshare.com/,Current store lists complete RoArm-M2-S and RoArm-M3-S arm families; the official M3 support wiki links a STEP archive updated with a 260310 revision filename.,https://www.waveshare.com/wiki/RoArm-M3,waveshare-roarm-m3-s,RoArm-M3-S robotic arm,https://www.waveshare.com/roarm-m3.htm,arms,body,robotic_arm_assembly,module,Complete 5+1 degree-of-freedom arm assembly with gripper and control electronics; select S rather than Pro variant.,239.99,USD,Current official purchase listing; regional variant availability may differ.,official_download,https://files.waveshare.com/wiki/RoArm-M3/RoArm-M3_STEP_260310.zip,STEP|ZIP,,Starting price for S variant. Match the S CAD assembly inside the archive rather than an alternate revision or Pro configuration. Additional camera/AI modules are not assumed included.,https://www.waveshare.com/roarm-m3.htm|https://www.waveshare.com/wiki/RoArm-M3,2026-09-29,True
