company_id,company_name,country,china_based,company_url,activity_evidence,activity_url,product_count
apptronik,Apptronik,United States,False,https://apptronik.com/,"Official June 30, 2026 announcement describes Apollo 2 fleets collecting training data with Google DeepMind; February 2026 funding announcement supports ongoing commercialization.",https://apptronik.com/company/press-releases,1
boston-dynamics,Boston Dynamics,United States,False,https://bostondynamics.com/,Manufacturer announced production-ready Atlas in January 2026 and reports manufacturing plus scheduled initial deployments at Hyundai and Google DeepMind.,https://bostondynamics.com/blog/atlas-evolution-from-research-robot-to-industrial-humanoid/,1
figure-ai,Figure AI,United States,False,https://www.figure.ai/,"Official June 30, 2026 update reports Figure 03 deployment at BMW, following its October 2025 introduction and April 2026 production update.",https://www.figure.ai/news/f-03-at-bmw,1
franka,Franka Robotics,Germany,False,https://franka.de/,FR3 remains an actively developed physical-AI research platform; official February 2026 brochure and product page describe ongoing system-image and arm revisions.,https://franka.de/hubfs/Brochure_FrankaResearch3_February2026.pdf?hsLang=en,1
hello-robot,Hello Robot,United States,False,https://hello-robot.com/,"Official announcement launched Stretch 4 on May 12, 2026; current purchase page offers it with 2–4 week typical shipping.",https://forum.hello-robot.com/t/introducing-stretch-4/1505,1
igus,igus,Germany,False,https://www.igus.com/,"Official 2026 robotics news includes ReBeL cobot updates, mobile robots, humanoid development and the RBTX marketplace.",https://www.igus.com/automation/news,1
kinova,Kinova,Canada,False,https://www.kinovarobotics.com/,Official 2026 Gen3 datasheet and official ROS 2 repository updates in September 2026 establish current development and commercial activity.,https://www.kinovarobotics.com/uploads/Kinova_Onepager_Gen3_2026_EN.pdf,2
neura,NEURA Robotics,Germany,False,https://neura-robotics.com/,"January 14, 2026: strategic humanoid robotics partnership with Bosch. September 7, 2026: partnership with SECO to scale Physical AI compute modules and robot production.",https://neura-robotics.com/neura-robotics-bosch-partnership/,1
niryo,Niryo,France,False,https://niryo.com/,Official 2026 company timeline describes new industrial and medical robotics expansion; current site lists Ned2 and Ned3Pro alongside the new NR2 family.,https://niryo.com/about-us/,2
pal-robotics,PAL Robotics,Spain,False,https://pal-robotics.com/,"May 15, 2026 announcement introduced a standalone manipulation platform for ICRA 2026, with sale availability at launch. The current product page identifies TIAGo Pro Arm.",https://pal-robotics.com/news/pal-robotics-releases-a-new-robot-for-advanced-manipulation/,1
pollen-robotics,Pollen Robotics,France,False,https://pollen-robotics.com/,"The current official site reports more than 10,000 Reachy Mini shipments and offers current Reachy Mini and Microduck products; its store terms were updated September 21, 2026. This establishes current activity rather than a numerical popularity ranking.",https://pollen-robotics.com/,2
robotis,ROBOTIS,South Korea,False,https://robotis.com/en/,Current Physical AI lineup includes AI Worker and OMY; official site carries 2026 news. This supports active relevance rather than a popularity ranking.,https://ai.robotis.com/,1
robotshop,RobotShop / Lynxmotion,Canada,False,https://www.robotshop.com/,"April 2026: RobotShop announced becoming AGIBOT’s value-added distribution partner in North America, providing current industry expansion evidence alongside its Lynxmotion modular arm range.",https://www.robotshop.com/pages/press-room,1
standard-bots,Standard Bots,United States,False,https://standardbots.com/,"Current official product lineup lists Spark, Core, Thor and Bolt; official blog includes June 8, 2026 congressional testimony by its CEO.",https://standardbots.com/blog,3
trossen,Trossen Robotics,United States,False,https://www.trossenrobotics.com/,"Current Physical AI lineup and WidowX AI integration tutorials for LeRobot and OpenPI; current product page provides purchasing links. Activity evidence, not a popularity ranking.",https://www.trossenrobotics.com/widowx-ai,1
universal-robots,Universal Robots,Denmark,False,https://www.universal-robots.com/,"Official September 14, 2026 announcement introduced Gen 7 industrial automation and physical AI platform.",https://www.universal-robots.com/news-and-media/news-center/universal-robots-unveils-gen-7-new-platform-industrial-automation-physical-ai/,1
elephant-robotics,Elephant Robotics,China,True,https://www.elephantrobotics.com/en/,"Official Americas store currently promotes IROS 2026 embodied-AI work and a tenth-anniversary myCobot 280 X Edition, while maintaining manufacturer CAD downloads.",https://americas.shop.elephantrobotics.com/,2
seeed,Seeed Studio,China,True,https://www.seeedstudio.com/,"Current official store offers the SO-ARM101 Pro assembled arm and Reachy Mini replacement shells with in-stock purchase listings, reflecting active open-source robotics supply.",https://www.seeedstudio.com/SO-101-Assembled-Kit-Pro-p-6691.html,3
unitree,Unitree Robotics,China,True,https://www.unitree.com/,"Current official store sells articulated arms alongside R1, G1 and H2 humanoids and publishes a clarification about its 2025 shipments. It lists its business address in Hangzhou, China.",https://shop.unitree.com/,1
waveshare,Waveshare,China,True,https://www.waveshare.com/,Current store lists complete RoArm-M2-S and RoArm-M3-S arm families; the official M3 support wiki links a STEP archive updated with a 260310 revision filename.,https://www.waveshare.com/wiki/RoArm-M3,2
