id,name,body_role,supplier,model_path,thumbnail_path,source_path,source_url,source_sha256,model_sha256,model_bytes,model_kind,notes
pololu-3500,Romi chassis,legs,Pololu,models/pololu-3500.glb,thumbnails/pololu-3500.png,originals/pololu-3500/romi-chassis-kit.step,https://www.pololu.com/file/0J1298/romi-chassis-kit.step,38bb9571c9125f7f00ea12be1d8b85326b6557a96ddf9451932069ee58991be9,f69f1735c305980bcc278a43eb5c0db04916683f89e6cace40903a4af6e4ba6d,1865144,supplier_cad,The vendor CAD includes a second caster; the listed chassis kit includes one caster.
waveshare-wave-rover,WAVE ROVER,legs,Waveshare,models/waveshare-wave-rover.glb,thumbnails/waveshare-wave-rover.png,extracted/waveshare-wave-rover/WAVE_ROVER_MODEL_STL/WAVE ROVER_MODEL_STL.stl,https://files.waveshare.com/upload/e/ec/WAVE_ROVER_MODEL_STL.rar,5209e68563dd90b7a2ab49c4cc961cfb6be2b171147d8334ecc2f2ecb8f75340,7045ec466c10fb66ab02968b13a592f8eea2000c90de9547c9b2ad523a37fc72,2482928,supplier_cad,"Requires three 18650 cells, explicitly not included. Host computer, lidar and pan-tilt camera are optional additions, not implied by the chassis listing."
seeed-100046482,SO-101 assembled arm,arms,Seeed Studio,models/seeed-100046482.glb,thumbnails/seeed-100046482.png,originals/seeed-100046482/SO101 Assembly.stl,https://raw.githubusercontent.com/TheRobotStudio/SO-ARM100/5f6d2b876a53a4872e405b991dd925556c9e38a4/STL/SO101/Individual/Base_SO101.stl,efe5ed131286e0fa2b95c355886cd9009a34ad5d6a0c7f042a1ba5071f1520cb,b8f1a5e7e71090be9e4d671377114fc5f2cd65f3714d69eaad3482b89e61458f,2389660,supplier_cad,"Assembled Pro kit with printed structure, six STS3215 servos and BusLinker V3. Designer CAD is a visualization reference; supplier revision may differ."
waveshare-roarm-m2-s,RoArm-M2-S arm,arms,Waveshare,models/waveshare-roarm-m2-s.glb,thumbnails/waveshare-roarm-m2-s.png,extracted/waveshare-roarm-m2-s/RoArm-M2-S ASM-TYPE-0(SP) Gripper.step,https://files.waveshare.com/wiki/RoArm-M2-S/RoArm-M2-S_STEP.zip,a63b4f1543e0c40b7686e521e2bcc294564c7dc43f9501b96192da2a4633ecd6,4b907328ccf69dc165727ddc4cb12ecf1c95e0c1c73dc21f5aee49985b028776,3929468,supplier_cad,Complete 4-DOF desktop arm with gripper and ESP32 controller. Base S configuration; optional camera excluded.
waveshare-roarm-m3-s,RoArm-M3-S arm,arms,Waveshare,models/waveshare-roarm-m3-s.glb,thumbnails/waveshare-roarm-m3-s.png,extracted/waveshare-roarm-m3-s/RoArm-M3.step,https://files.waveshare.com/wiki/RoArm-M3/RoArm-M3_STEP_260310.zip,728eb52f0bdd32dc0b907c9bb983d3d0b8adf7a5ea945949785a6e496f5089ff,2e0f962eabf450ecd57c7d68fc58cdca0b5af0e9a67c5f96c307f6b29a5070b9,3972604,supplier_cad,Complete 5+1-DOF arm with gripper. Price is the base S configuration; optional accessories excluded.
servocity-3209-0008-0001,Bravo body frame,torso,ServoCity,models/servocity-3209-0008-0001.glb,thumbnails/servocity-3209-0008-0001.png,extracted/servocity-3209-0008-0001/3209-0008-0001.step,https://www.servocity.com/content/step_files/3209-0008-0001.zip,2874e809c91d3671b6d03e641764322ac712462e9e8c4f5ba4e9eb94f0db4824,731f0d1f0409e6f67ec7fd0999254a1161812af1a0206b89adb6121f27a71ca5,4809456,supplier_cad,"Structural chassis kit only: no tracks, motors, controller or battery. Used as a body frame in this concept."
seeed-100053279,Reachy body top shell,torso,Seeed Studio,models/seeed-100053279.glb,thumbnails/seeed-100053279.png,originals/seeed-100053279/pp01068_top_body.stl,https://media.githubusercontent.com/media/pollen-robotics/reachy_mini/bae7844f36cd98358a35d965aa0e19e8419cb680/src/reachy_mini/descriptions/reachy_mini/urdf/assets/pp01068_top_body.stl,701c4ee80d16aa5257e706fa9cc0b8bbae2dd26138a6fd7860b99c7455ae3af7,040c7ac488c483fe6961b3d4aedaa741763e86fc799d264aee85e7315240ccfd,136432,supplier_cad,"Empty upper body cover only; mechanisms, electronics and lower cover are separate. Designer mesh revision is not mechanically verified against the sold shell."
seeed-100072462,Reachy body bottom shell,torso,Seeed Studio,models/seeed-100072462.glb,thumbnails/seeed-100072462.png,originals/seeed-100072462/pp01067_bottom_body.stl,https://media.githubusercontent.com/media/pollen-robotics/reachy_mini/bae7844f36cd98358a35d965aa0e19e8419cb680/src/reachy_mini/descriptions/reachy_mini/urdf/assets/pp01067_bottom_body.stl,ca83667a9ff45433ca41b5e20edaabd38cb99f97d19a99576dfece8edf92d78c,756963894484e1e98c0bc6f379c9d163227267314a060bf39c1a5a4fd138035b,176868,supplier_cad,"Empty lower body cover only; mechanisms, electronics and upper cover are separate. Designer mesh revision is not mechanically verified against the sold shell."
seeed-100054390,Reachy front head shell,head,Seeed Studio,models/seeed-100054390.glb,thumbnails/seeed-100054390.png,originals/seeed-100054390/pp01069_head_shell_front.stl,https://media.githubusercontent.com/media/pollen-robotics/reachy_mini/bae7844f36cd98358a35d965aa0e19e8419cb680/src/reachy_mini/descriptions/reachy_mini/urdf/assets/pp01069_head_shell_front.stl,19ceb0df3c6655315ea012d4cb2622245d28eb302cbb690c859170ebd4b07425,11dd564c78504ce5d62cebfa6bc0ffff6c6578de302e57024f98539c2c026275,140896,supplier_cad,"Front head cover only; rear cover, eyes, sensors and mechanisms are separate. Designer mesh revision is not mechanically verified against the sold shell."
niryo-ned2,Ned2 arm,arms,Niryo,models/niryo-ned2.glb,thumbnails/niryo-ned2.png,originals/niryo-ned2/NED2_STEP.step,https://raw.githubusercontent.com/NiryoRobotics/ned2/master/NED2_STEP.step,94598f79781e8756c1e79cd9ed56f1f43ecb507263db3a2ed2e752e0c4c88752,7456d0eae510ecf284b490b68ee800b5eef7623f36484c1509bbfe20344f254f,1653132,supplier_cad,Official full-arm CAD. End-effector and accessories depend on purchased configuration.
reachy2-torso,Reachy 2 torso,torso,Pollen Robotics,models/reachy2-torso.glb,thumbnails/reachy2-torso.png,originals/reachy2-torso/torso_visual.dae,https://raw.githubusercontent.com/pollen-robotics/reachy2_core/b7000c1255f322826f4d0ad1f1e54d424e55c051/reachy_description/meshes/torso_visual.dae,64f0cbfaddd781a2c77c8593e6c5a4e309cf4fde1fc08741597e884428ff151f,51a340361eb247b8b5407a4e525d35399fd94aaacceb78248ae9a64eea5ed97c,928836,robot_section,Visual section extracted from the official Reachy 2 robot model; separate retail availability is not established.
reachy2-head,Reachy 2 head,head,Pollen Robotics,models/reachy2-head.glb,thumbnails/reachy2-head.png,originals/reachy2-head/head_visual.dae,https://raw.githubusercontent.com/pollen-robotics/reachy2_core/b7000c1255f322826f4d0ad1f1e54d424e55c051/reachy_description/meshes/head_visual.dae,6c133101381f4aefbf0dc1509bc1ef76562367f02de9ea988458aefddc59b278,5a0d434fd6620b03050a4b20148ab8d96cab4afd1409ff94530213944dbe2a24,80524,robot_section,Visual section extracted from the official Reachy 2 robot model; separate retail availability is not established.
reachy2-mobile_base,Reachy 2 mobile base,legs,Pollen Robotics,models/reachy2-mobile_base.glb,thumbnails/reachy2-mobile_base.png,originals/reachy2-mobile_base/mobile_base_visual.dae,https://raw.githubusercontent.com/pollen-robotics/reachy2_core/b7000c1255f322826f4d0ad1f1e54d424e55c051/reachy_description/meshes/mobile_base_visual.dae,a0cbe2cee9ad9b98f147032579e5d4fc942412a2be43142128ee364855c9c33c,0ff6ab01d225b350511550d775e96c054379bf9640c8b84b95aa19c0032d06d4,328448,robot_section,Visual section extracted from the official Reachy 2 robot model; separate retail availability is not established.
elephant-mycobot-280-pi,myCobot 280 Pi arm,arms,Elephant Robotics,models/elephant-mycobot-280-pi.glb,thumbnails/elephant-mycobot-280-pi.png,originals/elephant-mycobot-280-pi/myCobot_280_PI_230708.STEP,https://download.elephantrobotics.com/Product_3d_files/myCobot_280_PI_230708.STEP,cbeea744eff7dee018b3c2d84b20b4d71a1f380d94d2de86f1dbf3561bb111cd,8b5c46ab89d8f867daef664969e394a32ad038b12031cf80f0c7271120d7511e,2522204,supplier_cad,Official six-axis arm model. End-effector accessories are separate.
robotis-op3-torso,OP3 torso,torso,ROBOTIS,models/robotis-op3-torso.glb,thumbnails/robotis-op3-torso.png,originals/robotis-op3-torso/body.stl,https://raw.githubusercontent.com/ROBOTIS-GIT/ROBOTIS-OP3-Common/0780e54c2064a42089b0cf970d716ae44fec9233/op3_description/meshes/body.stl,95e1b28cd076ef2f3a93b99e1a7b4303f33116106286122b880bc9126a8b3361,a53fad4210854588fe5d5fd7cd69b03d714ba73042366486a50339970b377507,1484124,robot_section,Official robot visualization torso section; separate retail availability and mechanical fit are not established. Display color is illustrative.
berkeley-lite-torso,Berkeley Lite torso,torso,Berkeley Humanoid Lite,models/berkeley-lite-torso.glb,thumbnails/berkeley-lite-torso.png,originals/berkeley-lite-torso/base_visual.stl,https://raw.githubusercontent.com/HybridRobotics/berkeley-humanoid-lite-assets/fc90fedd008b1e56a22e3c5221548d6b24f49707/data/robots/berkeley_humanoid/berkeley_humanoid_lite/meshes/base_visual.stl,d9af91bf06e64d633fbe74f9700c9819952e7bb9d21b22101ef7c25e5e0a601c,b0349b1bb9d8443cad4af16c3ed8e06d0ecf6fc7ad4f52087f8976a2b65cfea7,1454692,robot_section,Official robot visualization torso section; separate retail availability and mechanical fit are not established. Display color is illustrative.
unitree-g1-torso,G1 torso,torso,Unitree Robotics,models/unitree-g1-torso.glb,thumbnails/unitree-g1-torso.png,originals/unitree-g1-torso/torso.stl,https://raw.githubusercontent.com/unitreerobotics/unitree_ros/da52948f035165aae2709d30255f5cd3e62875a0/robots/g1_description/meshes/torso_link_with_2dof_head.STL,9fb08857bc2b97d274e4b068f89f660f30ae5d27c12b0ea7f305a8b12fc98f68,4f9b876293afed73e9eb63aa7ef98611bcbe0cfb22290ce881aa7f20f710589f,707472,robot_section,Official robot visualization torso section; separate retail availability and mechanical fit are not established. Display color is illustrative.
unitree-h1-torso,H1 torso,torso,Unitree Robotics,models/unitree-h1-torso.glb,thumbnails/unitree-h1-torso.png,originals/unitree-h1-torso/torso.stl,https://raw.githubusercontent.com/unitreerobotics/unitree_ros/da52948f035165aae2709d30255f5cd3e62875a0/robots/h1_description/meshes/torso_link.STL,f43fc0753a4898f2a0418ee80f4a3806d88cffdc587aa600e2e68a8207b0cd4d,d7ae6b5d44fdaf094d4c6839e68431d0723839bda29dc18a79ccca8f1556c8f8,196844,robot_section,Torso-only preview derived from the official H1 torso link: triangles above source Z=0.52 m are omitted to remove its integrated fixed head. Separate retail availability and fit are not established. Display color is illustrative.
unitree-h2-torso,H2 torso,torso,Unitree Robotics,models/unitree-h2-torso.glb,thumbnails/unitree-h2-torso.png,originals/unitree-h2-torso/torso.stl,https://raw.githubusercontent.com/unitreerobotics/unitree_ros/da52948f035165aae2709d30255f5cd3e62875a0/robots/h2_description/meshes/torso_link.stl,0f0c12bddbe2e29df43f38fbaeb3a65c08d43123fbb62379a1cc58e9c6df47b5,e958e757aae441123616e55e7d30094fa2eed16a1951f950d12bd1af0d4b3f8d,256640,robot_section,Official robot visualization torso section; separate retail availability and mechanical fit are not established. Display color is illustrative.
